municipio;etapa;rede;ano;ideb;meta;nota_saeb;indicador_rendimento
Água Boa;Anos iniciais;Estadual;2017;;5.9;;
Água Boa;Anos iniciais;Estadual;2019;;6.2;;
Água Boa;Anos iniciais;Estadual;2021;;6.4;;
Água Boa;Anos iniciais;Estadual;2023;;;;
Água Boa;Anos iniciais;Estadual;2025;;;;
Água Boa;Anos iniciais;Municipal;2017;6.2;5.8;6.240745;0.999197
Água Boa;Anos iniciais;Municipal;2019;6.2;6.1;6.176689;1
Água Boa;Anos iniciais;Municipal;2021;5.8;6.3;5.762571;1
Água Boa;Anos iniciais;Municipal;2023;6.4;;6.41471;1
Água Boa;Anos iniciais;Municipal;2025;7.1;;7.051685;1
Água Boa;Anos iniciais;Pública;2017;6.2;5.9;6.240745;0.999197
Água Boa;Anos iniciais;Pública;2019;6.2;6.1;6.176689;1
Água Boa;Anos iniciais;Pública;2021;5.8;6.4;5.762571;1
Água Boa;Anos iniciais;Pública;2023;6.4;;6.41471;1
Água Boa;Anos iniciais;Pública;2025;7.1;;7.051685;1
Alto Araguaia;Anos iniciais;Estadual;2017;5.6;4.9;5.92284;0.95129
Alto Araguaia;Anos iniciais;Estadual;2019;6.2;5.2;6.417251;0.964948
Alto Araguaia;Anos iniciais;Estadual;2021;5.7;5.4;5.746353;1
Alto Araguaia;Anos iniciais;Estadual;2023;5.9;;5.904663;1
Alto Araguaia;Anos iniciais;Estadual;2025;;;;
Alto Araguaia;Anos iniciais;Municipal;2017;6.3;4.8;6.287699;0.997188
Alto Araguaia;Anos iniciais;Municipal;2019;6.6;5.1;6.760836;0.980845
Alto Araguaia;Anos iniciais;Municipal;2021;5.9;5.4;5.894449;0.997188
Alto Araguaia;Anos iniciais;Municipal;2023;6.3;;6.297247;0.99538
Alto Araguaia;Anos iniciais;Municipal;2025;6.8;;6.805027;1
Alto Araguaia;Anos iniciais;Pública;2017;6;4.7;6.129611;0.986356
Alto Araguaia;Anos iniciais;Pública;2019;6.5;5;6.620679;0.977804
Alto Araguaia;Anos iniciais;Pública;2021;5.8;5.3;5.833402;0.997994
Alto Araguaia;Anos iniciais;Pública;2023;6.2;;6.197622;0.996188
Alto Araguaia;Anos iniciais;Pública;2025;6.8;;6.805027;1
Arenápolis;Anos iniciais;Estadual;2017;5.6;5.5;5.588643;1
Arenápolis;Anos iniciais;Estadual;2019;5.8;5.8;5.845864;0.995164
Arenápolis;Anos iniciais;Estadual;2021;5.7;6;5.720943;0.997577
Arenápolis;Anos iniciais;Estadual;2023;6.1;;6.132457;1
Arenápolis;Anos iniciais;Estadual;2025;;;;
Arenápolis;Anos iniciais;Municipal;2017;5.2;5.6;5.314711;0.977074
Arenápolis;Anos iniciais;Municipal;2019;6.1;5.9;6.380468;0.950371
Arenápolis;Anos iniciais;Municipal;2021;6.4;6.2;6.395545;0.992923
Arenápolis;Anos iniciais;Municipal;2023;6.4;;6.378219;1
Arenápolis;Anos iniciais;Municipal;2025;6.2;;6.171453;1
Arenápolis;Anos iniciais;Pública;2017;5.4;5.6;5.475142;0.991094
Arenápolis;Anos iniciais;Pública;2019;5.9;5.8;6.033027;0.9758
Arenápolis;Anos iniciais;Pública;2021;5.9;6.1;5.975821;0.995567
Arenápolis;Anos iniciais;Pública;2023;6.3;;6.252961;1
Arenápolis;Anos iniciais;Pública;2025;6.2;;6.171453;1
Canarana;Anos iniciais;Estadual;2017;6;5.1;6.031053;0.995521
Canarana;Anos iniciais;Estadual;2019;5.1;5.4;5.448139;0.929632
Canarana;Anos iniciais;Estadual;2021;5.5;5.7;5.520489;0.990325
Canarana;Anos iniciais;Estadual;2023;5.1;;5.131506;0.98714
Canarana;Anos iniciais;Estadual;2025;;;;
Canarana;Anos iniciais;Municipal;2017;5.2;4.9;5.31526;0.983189
Canarana;Anos iniciais;Municipal;2019;5.4;5.2;5.422672;0.990768
Canarana;Anos iniciais;Municipal;2021;5.3;5.5;5.37304;0.984985
Canarana;Anos iniciais;Municipal;2023;5.6;;5.656138;0.995384
Canarana;Anos iniciais;Municipal;2025;6.2;;6.190079;0.998798
Canarana;Anos iniciais;Pública;2017;5.5;5;5.57392;0.985996
Canarana;Anos iniciais;Pública;2019;5.3;5.3;5.431476;0.979982
Canarana;Anos iniciais;Pública;2021;5.3;5.6;5.400994;0.986981
Canarana;Anos iniciais;Pública;2023;5.4;;5.460359;0.992795
Canarana;Anos iniciais;Pública;2025;6.2;;6.190079;0.998998
Ribeirão Cascalheira;Anos iniciais;Estadual;2017;;5.1;;
Ribeirão Cascalheira;Anos iniciais;Estadual;2019;5.4;5.4;5.407904;0.993371
Ribeirão Cascalheira;Anos iniciais;Estadual;2021;5.7;5.7;5.682176;1
Ribeirão Cascalheira;Anos iniciais;Estadual;2023;;;;
Ribeirão Cascalheira;Anos iniciais;Estadual;2025;;;;
Ribeirão Cascalheira;Anos iniciais;Municipal;2017;5.2;5.1;5.277017;0.984301
Ribeirão Cascalheira;Anos iniciais;Municipal;2019;5.1;5.4;5.170826;0.992162
Ribeirão Cascalheira;Anos iniciais;Municipal;2021;5.3;5.7;5.284074;0.99839
Ribeirão Cascalheira;Anos iniciais;Municipal;2023;5.8;;5.807731;1
Ribeirão Cascalheira;Anos iniciais;Municipal;2025;6.3;;6.309933;1
Ribeirão Cascalheira;Anos iniciais;Pública;2017;5.2;5.1;5.277017;0.987405
Ribeirão Cascalheira;Anos iniciais;Pública;2019;5.2;5.4;5.263801;0.992252
Ribeirão Cascalheira;Anos iniciais;Pública;2021;5.4;5.7;5.399146;0.99839
Ribeirão Cascalheira;Anos iniciais;Pública;2023;5.8;;5.807731;1
Ribeirão Cascalheira;Anos iniciais;Pública;2025;6.3;;6.309933;1
São Félix do Araguaia;Anos iniciais;Estadual;2017;4.6;4.3;4.65846;0.980638
São Félix do Araguaia;Anos iniciais;Estadual;2019;4.6;4.6;4.751735;0.958889
São Félix do Araguaia;Anos iniciais;Estadual;2021;4.7;4.9;4.712895;0.997577
São Félix do Araguaia;Anos iniciais;Estadual;2023;5;;4.99872;0.997373
São Félix do Araguaia;Anos iniciais;Estadual;2025;;;;
São Félix do Araguaia;Anos iniciais;Municipal;2017;;;;
São Félix do Araguaia;Anos iniciais;Municipal;2019;;;;
São Félix do Araguaia;Anos iniciais;Municipal;2021;;;;
São Félix do Araguaia;Anos iniciais;Municipal;2023;;;;
São Félix do Araguaia;Anos iniciais;Municipal;2025;5.2;;5.259295;0.99778
São Félix do Araguaia;Anos iniciais;Pública;2017;4.5;4.5;4.65846;0.975724
São Félix do Araguaia;Anos iniciais;Pública;2019;4.6;4.8;4.751735;0.97727
São Félix do Araguaia;Anos iniciais;Pública;2021;4.7;5.1;4.712895;0.988541
São Félix do Araguaia;Anos iniciais;Pública;2023;4.9;;4.99872;0.987455
São Félix do Araguaia;Anos iniciais;Pública;2025;5.2;;5.259295;0.997984
Água Boa;Anos finais;Estadual;2017;4.6;5.4;4.977167;0.914197
Água Boa;Anos finais;Estadual;2019;4.5;5.6;5.111333;0.875082
Água Boa;Anos finais;Estadual;2021;4.7;5.8;5.089333;0.932161
Água Boa;Anos finais;Estadual;2023;5.1;;5.191167;0.988449
Água Boa;Anos finais;Estadual;2025;5.4;;5.4195;1
Água Boa;Anos finais;Municipal;2017;;4.8;;1
Água Boa;Anos finais;Municipal;2019;;5;;
Água Boa;Anos finais;Municipal;2021;;5.3;;
Água Boa;Anos finais;Municipal;2023;;;;
Água Boa;Anos finais;Municipal;2025;;;;
Água Boa;Anos finais;Pública;2017;4.6;5.3;4.977167;0.92271
Água Boa;Anos finais;Pública;2019;4.5;5.6;5.111333;0.884095
Água Boa;Anos finais;Pública;2021;4.8;5.8;5.089333;0.943676
Água Boa;Anos finais;Pública;2023;5.1;;5.191167;0.990464
Água Boa;Anos finais;Pública;2025;5.4;;5.4195;1
Alto Araguaia;Anos finais;Estadual;2017;4.8;4.4;5.201667;0.927727
Alto Araguaia;Anos finais;Estadual;2019;4.8;4.6;5.217833;0.916986
Alto Araguaia;Anos finais;Estadual;2021;5.1;4.9;5.273667;0.969678
Alto Araguaia;Anos finais;Estadual;2023;5;;5.015667;0.990732
Alto Araguaia;Anos finais;Estadual;2025;5;;5.047833;0.997242
Alto Araguaia;Anos finais;Municipal;2017;4.8;5.4;4.930667;0.974798
Alto Araguaia;Anos finais;Municipal;2019;5.1;5.7;5.241167;0.978536
Alto Araguaia;Anos finais;Municipal;2021;;5.9;;
Alto Araguaia;Anos finais;Municipal;2023;;;;
Alto Araguaia;Anos finais;Municipal;2025;;;;
Alto Araguaia;Anos finais;Pública;2017;4.8;4.4;5.129167;0.942134
Alto Araguaia;Anos finais;Pública;2019;4.9;4.7;5.222833;0.935041
Alto Araguaia;Anos finais;Pública;2021;5.1;4.9;5.273667;0.971826
Alto Araguaia;Anos finais;Pública;2023;5;;5.015667;0.991989
Alto Araguaia;Anos finais;Pública;2025;5;;5.047833;0.997242
Arenápolis;Anos finais;Estadual;2017;4.3;5.4;4.587833;0.941283
Arenápolis;Anos finais;Estadual;2019;4.2;5.6;4.719167;0.892385
Arenápolis;Anos finais;Estadual;2021;4.4;5.9;4.681167;0.93648
Arenápolis;Anos finais;Estadual;2023;4.5;;4.491167;0.993457
Arenápolis;Anos finais;Estadual;2025;5.1;;5.097;1
Arenápolis;Anos finais;Municipal;2017;4.8;5.6;5.064667;0.941754
Arenápolis;Anos finais;Municipal;2019;5.6;5.8;5.9035;0.947767
Arenápolis;Anos finais;Municipal;2021;5.2;6.1;5.318833;0.968638
Arenápolis;Anos finais;Municipal;2023;5.7;;5.703167;0.993457
Arenápolis;Anos finais;Municipal;2025;;;;
Arenápolis;Anos finais;Pública;2017;4.4;5.4;4.727333;0.938613
Arenápolis;Anos finais;Pública;2019;4.5;5.7;4.954667;0.908367
Arenápolis;Anos finais;Pública;2021;4.6;5.9;4.847;0.945424
Arenápolis;Anos finais;Pública;2023;4.8;;4.868333;0.993225
Arenápolis;Anos finais;Pública;2025;5.1;;5.097;1
Canarana;Anos finais;Estadual;2017;4.7;4.7;4.948667;0.942859
Canarana;Anos finais;Estadual;2019;3.9;5;4.672833;0.834135
Canarana;Anos finais;Estadual;2021;4.9;5.2;4.9755;0.983148
Canarana;Anos finais;Estadual;2023;4.6;;4.741667;0.971678
Canarana;Anos finais;Estadual;2025;4.8;;4.863833;0.996718
Canarana;Anos finais;Municipal;2017;;;;0.90614
Canarana;Anos finais;Municipal;2019;;;;
Canarana;Anos finais;Municipal;2021;;;;
Canarana;Anos finais;Municipal;2023;;;;
Canarana;Anos finais;Municipal;2025;;;;
Canarana;Anos finais;Pública;2017;4.6;4.7;4.948667;0.93463
Canarana;Anos finais;Pública;2019;4;5;4.672833;0.847346
Canarana;Anos finais;Pública;2021;4.8;5.3;4.9755;0.972018
Canarana;Anos finais;Pública;2023;4.6;;4.741667;0.969936
Canarana;Anos finais;Pública;2025;4.8;;4.863833;0.993487
Ribeirão Cascalheira;Anos finais;Estadual;2017;;4.1;;
Ribeirão Cascalheira;Anos finais;Estadual;2019;4.4;4.4;4.7965;0.912808
Ribeirão Cascalheira;Anos finais;Estadual;2021;4.3;4.7;4.448167;0.96743
Ribeirão Cascalheira;Anos finais;Estadual;2023;5.1;;5.0775;0.997481
Ribeirão Cascalheira;Anos finais;Estadual;2025;4.9;;4.858667;1
Ribeirão Cascalheira;Anos finais;Municipal;2017;4.6;5.5;4.6935;0.975646
Ribeirão Cascalheira;Anos finais;Municipal;2019;4.4;5.7;4.5205;0.978549
Ribeirão Cascalheira;Anos finais;Municipal;2021;4.3;6;4.342667;0.988892
Ribeirão Cascalheira;Anos finais;Municipal;2023;;;;
Ribeirão Cascalheira;Anos finais;Municipal;2025;;;;
Ribeirão Cascalheira;Anos finais;Pública;2017;;4.6;;0.973912
Ribeirão Cascalheira;Anos finais;Pública;2019;4.5;4.9;4.701;0.952753
Ribeirão Cascalheira;Anos finais;Pública;2021;4.3;5.1;4.409;0.974652
Ribeirão Cascalheira;Anos finais;Pública;2023;5.1;;5.0775;0.998493
Ribeirão Cascalheira;Anos finais;Pública;2025;4.9;;4.858667;1
São Félix do Araguaia;Anos finais;Estadual;2017;;4.1;;0.944467
São Félix do Araguaia;Anos finais;Estadual;2019;4.1;4.4;4.3765;0.925724
São Félix do Araguaia;Anos finais;Estadual;2021;4.4;4.6;4.464;0.977537
São Félix do Araguaia;Anos finais;Estadual;2023;4.3;;4.476833;0.953403
São Félix do Araguaia;Anos finais;Estadual;2025;4.8;;4.827833;0.997227
São Félix do Araguaia;Anos finais;Pública;2017;;4.1;;0.931348
São Félix do Araguaia;Anos finais;Pública;2019;4.1;4.4;4.3765;0.942776
São Félix do Araguaia;Anos finais;Pública;2021;4.3;4.6;4.464;0.959112
São Félix do Araguaia;Anos finais;Pública;2023;4.2;;4.476833;0.937914
São Félix do Araguaia;Anos finais;Pública;2025;4.8;;4.827833;0.997227
