municipio;exercicio;origem;desdobramento;arrecadada
Água Boa;2021;Impostos, Taxas e Contribuições de Melhoria;Taxa de Controle e Fiscalização Ambiental;198081
Água Boa;2021;Impostos, Taxas e Contribuições de Melhoria;Taxas Pela Prestação de Serviços;1101276
Água Boa;2021;Impostos, Taxas e Contribuições de Melhoria;Imposto Sobre a Renda - Retido na Fonte;4016823
Água Boa;2021;Impostos, Taxas e Contribuições de Melhoria;Impostos Sobre o Patrimônio para Estados, DF e Municípios;14134383
Água Boa;2021;Impostos, Taxas e Contribuições de Melhoria;Impostos Sobre a Produção, Circulação de Mercadorias e Serviços;11903387
Água Boa;2021;Impostos, Taxas e Contribuições de Melhoria;Outros Impostos;8891
Água Boa;2021;Impostos, Taxas e Contribuições de Melhoria;Taxas de Inspeção, Controle e Fiscalização;874742
Água Boa;2021;Contribuições;Contribuição do Servidor Civil para o Plano de Seguridade Social - Cpsss - Específico de Est/df/mun;3357640
Água Boa;2021;Contribuições;Cpsss Patronal - Servidor Civil - Específico de Est/df/mun;6593652
Água Boa;2021;Contribuições;Cpsss Patronal - Parcelamentos - Específico de Est/df/mun;75781
Água Boa;2021;Receita Patrimonial;Outras Receitas Imobiliárias;7848
Água Boa;2021;Receita Patrimonial;Aluguéis, Arrendamentos, Foros, Laudêmios, Tarifas de Ocupação;20400
Água Boa;2021;Receita Patrimonial;Concessão, Permissão, Autorização Ou Cessão do Direito de Uso de Bens Imóveis Públicos;5271
Água Boa;2021;Receita Patrimonial;Juros e Correções Monetárias;2533331
Água Boa;2021;Receita de Serviços;Outros Serviços;15532
Água Boa;2021;Receita de Serviços;Serviços Administrativos e Comerciais Gerais;5648126
Água Boa;2021;Transferências Correntes;Participação na Receita da União;21477175
Água Boa;2021;Transferências Correntes;Transferência da Compensação Financeira Pela Exploração de Recursos Naturais;495872
Água Boa;2021;Transferências Correntes;Transferências de Recursos do Fundo Nacional de Assistência Social – FNAS;283767
Água Boa;2021;Transferências Correntes;Transferências de Recursos do Fundo Nacional do Desenvolvimento da Educação – FNDE;1412535
Água Boa;2021;Transferências Correntes;Outras Transferências da União;1000932
Água Boa;2021;Transferências Correntes;Participação na Receita dos Estados;30327775
Água Boa;2021;Transferências Correntes;Transferência de Recursos do Estado para Programas de Saúde – Repasse Fundo a Fundo;14498329
Água Boa;2021;Transferências Correntes;Transferências de Estados Destinadas à Assistência Social;69704
Água Boa;2021;Transferências Correntes;Transferência de Convênios dos Estados e do Distrito Federal e de SUAS Entidades;447105
Água Boa;2021;Transferências Correntes;Outras Transferências dos Estados;239689
Água Boa;2021;Transferências Correntes;Transferências de Recursos do Fundo de Manutenção e Desenvolvimento da Educação Básica e de Valorização dos Profissionais da Educação – FUNDEB;21986619
Água Boa;2021;Transferências Correntes;Transferência de Recursos do Sistema Único de Saúde – SUS – Bloco Custeio das Ações e Serviços Públicos de Saúde;16405378
Água Boa;2021;Transferências Correntes;Transferências de Recursos do Sistema Único de Saúde – SUS - Bloco Investimentos na Rede de Serviços Públicos de Saúde;299929
Água Boa;2021;Outras Receitas Correntes;Multas Previstas em Legislação Específica;40555
Água Boa;2021;Outras Receitas Correntes;Outras Restituições;311139
Água Boa;2021;Outras Receitas Correntes;Indenização por Sinistro;26343
Água Boa;2021;Outras Receitas Correntes;Compensações Financeiras Entre o Regime Geral e Os Regimes Próprios de Previdência dos Servidores;103611
Água Boa;2021;Outras Receitas Correntes;Encargos Legais Pela Inscrição em Dívida Ativa e Receitas de Ônus de Sucumbência;90908
Água Boa;2021;Outras Receitas Correntes;Outras Receitas;67536
Água Boa;2021;Outras Receitas Correntes;Restituições - Específicas para Estados/df/municípios;9286
Água Boa;2021;Alienação de Bens;Alienação de Bens Móveis e Semoventes;451589
Água Boa;2021;Transferências de Capital;Outras Transferências dos Estados;775000
Água Boa;2021;Transferências de Capital;Transferências de Recursos do Sistema Único de Saúde – SUS;290000
Água Boa;2021;Transferências de Capital;Transferência de Convênios da União e de SUAS Entidades;1211093
Água Boa;2021;Transferências de Capital;Transferências de Convênios dos Estados e do Distrito Federal e de SUAS Entidades;4132252
Água Boa;2022;Impostos, Taxas e Contribuições de Melhoria;Taxa de Controle e Fiscalização Ambiental;243331
Água Boa;2022;Impostos, Taxas e Contribuições de Melhoria;Taxas Pela Prestação de Serviços;648227
Água Boa;2022;Impostos, Taxas e Contribuições de Melhoria;Imposto Sobre a Renda - Retido na Fonte;6729448
Água Boa;2022;Impostos, Taxas e Contribuições de Melhoria;Taxas de Inspeção, Controle e Fiscalização;1508778
Água Boa;2022;Outras Receitas Correntes;Outras Restituições;246882
Água Boa;2023;Impostos, Taxas e Contribuições de Melhoria;Taxa de Controle e Fiscalização Ambiental;478750
Água Boa;2023;Impostos, Taxas e Contribuições de Melhoria;Taxas Pela Prestação de Serviços;572260
Água Boa;2023;Impostos, Taxas e Contribuições de Melhoria;Imposto Sobre a Renda - Retido na Fonte;8309867
Água Boa;2023;Impostos, Taxas e Contribuições de Melhoria;Taxas de Inspeção, Controle e Fiscalização;1903419
Água Boa;2023;Outras Receitas Correntes;Restituição de Convênios;6337
Água Boa;2023;Outras Receitas Correntes;Outras Restituições;148979
Água Boa;2024;Impostos, Taxas e Contribuições de Melhoria;Taxa de Controle e Fiscalização Ambiental;110507
Água Boa;2024;Impostos, Taxas e Contribuições de Melhoria;Taxas Pela Prestação de Serviços;450584
Água Boa;2024;Impostos, Taxas e Contribuições de Melhoria;Imposto Sobre a Renda - Retido na Fonte;11067723
Água Boa;2024;Impostos, Taxas e Contribuições de Melhoria;Taxas de Inspeção, Controle e Fiscalização;2038866
Água Boa;2024;Outras Receitas Correntes;Outras Restituições;769665
Água Boa;2024;Outras Receitas Correntes;Indenização por Sinistro;196315
Água Boa;2025;Impostos, Taxas e Contribuições de Melhoria;Taxa de Controle e Fiscalização Ambiental;11462
Água Boa;2025;Impostos, Taxas e Contribuições de Melhoria;Taxas Pela Prestação de Serviços;534237
Água Boa;2025;Impostos, Taxas e Contribuições de Melhoria;Imposto Sobre a Renda - Retido na Fonte;12522942
Água Boa;2025;Impostos, Taxas e Contribuições de Melhoria;Taxas de Inspeção, Controle e Fiscalização;2336278
Água Boa;2025;Outras Receitas Correntes;Outras Restituições;69686
Água Boa;2026;Impostos, Taxas e Contribuições de Melhoria;Taxas Pela Prestação de Serviços;401366
Água Boa;2026;Impostos, Taxas e Contribuições de Melhoria;Imposto Sobre a Renda - Retido na Fonte;7285374
Água Boa;2026;Impostos, Taxas e Contribuições de Melhoria;Taxas de Inspeção, Controle e Fiscalização;1887210
Água Boa;2026;Outras Receitas Correntes;Outras Restituições;208510
Alto Araguaia;2021;Impostos, Taxas e Contribuições de Melhoria;Taxas Pela Prestação de Serviços;1014246
Alto Araguaia;2021;Impostos, Taxas e Contribuições de Melhoria;Imposto Sobre a Renda - Retido na Fonte;2943521
Alto Araguaia;2021;Impostos, Taxas e Contribuições de Melhoria;Impostos Sobre o Patrimônio para Estados, DF e Municípios;5301180
Alto Araguaia;2021;Impostos, Taxas e Contribuições de Melhoria;Impostos Sobre a Produção, Circulação de Mercadorias e Serviços;5675713
Alto Araguaia;2021;Impostos, Taxas e Contribuições de Melhoria;Taxas de Inspeção, Controle e Fiscalização;487224
Alto Araguaia;2021;Contribuições;Contribuição do Servidor Civil para o Plano de Seguridade Social - Cpsss - Específico de Est/df/mun;3236342
Alto Araguaia;2021;Contribuições;Cpsss Patronal - Servidor Civil - Específico de Est/df/mun;3828582
Alto Araguaia;2021;Contribuições;Cpsss Patronal - Parcelamentos - Específico de Est/df/mun;909516
Alto Araguaia;2021;Receita Patrimonial;Juros e Correções Monetárias;678889
Alto Araguaia;2021;Receita de Serviços;Outros Serviços;26654
Alto Araguaia;2021;Receita de Serviços;Serviços Administrativos e Comerciais Gerais;2094781
Alto Araguaia;2021;Receita de Serviços;Inscrição em Concursos e Processos Seletivos;6890
Alto Araguaia;2021;Transferências Correntes;Participação na Receita da União;16912798
Alto Araguaia;2021;Transferências Correntes;Transferência da Compensação Financeira Pela Exploração de Recursos Naturais;346501
Alto Araguaia;2021;Transferências Correntes;Transferências de Recursos do Fundo Nacional de Assistência Social – FNAS;142780
Alto Araguaia;2021;Transferências Correntes;Transferências de Recursos do Fundo Nacional do Desenvolvimento da Educação – FNDE;702048
Alto Araguaia;2021;Transferências Correntes;Outras Transferências da União;4670462
Alto Araguaia;2021;Transferências Correntes;Participação na Receita dos Estados;37824304
Alto Araguaia;2021;Transferências Correntes;Transferência da Cota-parte da Compensação Financeira (25%);28881
Alto Araguaia;2021;Transferências Correntes;Transferência de Recursos do Estado para Programas de Saúde – Repasse Fundo a Fundo;1459200
Alto Araguaia;2021;Transferências Correntes;Transferência de Convênios dos Estados e do Distrito Federal e de SUAS Entidades;479967
Alto Araguaia;2021;Transferências Correntes;Outras Transferências dos Estados;473906
Alto Araguaia;2021;Transferências Correntes;Transferências de Recursos do Fundo de Manutenção e Desenvolvimento da Educação Básica e de Valorização dos Profissionais da Educação – FUNDEB;11599839
Alto Araguaia;2021;Transferências Correntes;Transferência de Recursos do Sistema Único de Saúde – SUS – Bloco Custeio das Ações e Serviços Públicos de Saúde;4366610
Alto Araguaia;2021;Outras Receitas Correntes;Multas Previstas em Legislação Específica;52240
Alto Araguaia;2021;Outras Receitas Correntes;Indenizações por Danos Causados ao Patrimônio Público;1271
Alto Araguaia;2021;Outras Receitas Correntes;Outras Indenizações;34737
Alto Araguaia;2021;Outras Receitas Correntes;Restituição de Despesas de Exercícios Anteriores;222
Alto Araguaia;2021;Outras Receitas Correntes;Outras Restituições;113344
Alto Araguaia;2021;Outras Receitas Correntes;Compensações Financeiras Entre o Regime Geral e Os Regimes Próprios de Previdência dos Servidores;329258
Alto Araguaia;2021;Outras Receitas Correntes;Encargos Legais Pela Inscrição em Dívida Ativa e Receitas de Ônus de Sucumbência;110002
Alto Araguaia;2021;Outras Receitas Correntes;Outras Receitas;33004
Alto Araguaia;2021;Operações de Crédito;Outras Operações de Crédito - Mercado Interno;3000000
Alto Araguaia;2021;Alienação de Bens;Alienação de Bens Móveis e Semoventes;170940
Alto Araguaia;2021;Transferências de Capital;Transferências de Recursos do Sistema Único de Saúde – SUS;300000
Alto Araguaia;2021;Transferências de Capital;Transferências de Recursos Destinados a Programas de Educação;396266
Alto Araguaia;2021;Transferências de Capital;Transferência de Convênios da União e de SUAS Entidades;1807000
Alto Araguaia;2021;Transferências de Capital;Transferências de Convênios dos Estados e do Distrito Federal e de SUAS Entidades;651000
Alto Araguaia;2022;Impostos, Taxas e Contribuições de Melhoria;Taxas Pela Prestação de Serviços;1030375
Alto Araguaia;2022;Impostos, Taxas e Contribuições de Melhoria;Imposto Sobre a Renda - Retido na Fonte;4547411
Alto Araguaia;2022;Impostos, Taxas e Contribuições de Melhoria;Taxas de Inspeção, Controle e Fiscalização;675943
Alto Araguaia;2022;Outras Receitas Correntes;Indenizações por Danos Causados ao Patrimônio Público;4101
Alto Araguaia;2022;Outras Receitas Correntes;Outras Indenizações;47612
Alto Araguaia;2022;Outras Receitas Correntes;Restituição de Despesas de Exercícios Anteriores;68
Alto Araguaia;2022;Outras Receitas Correntes;Outras Restituições;8718
Alto Araguaia;2022;Outras Receitas Correntes;Outros Ressarcimentos;179890
Alto Araguaia;2023;Impostos, Taxas e Contribuições de Melhoria;Taxas Pela Prestação de Serviços;840380
Alto Araguaia;2023;Impostos, Taxas e Contribuições de Melhoria;Imposto Sobre a Renda - Retido na Fonte;6323080
Alto Araguaia;2023;Impostos, Taxas e Contribuições de Melhoria;Taxas de Inspeção, Controle e Fiscalização;713250
Alto Araguaia;2023;Outras Receitas Correntes;Indenizações por Danos Causados ao Patrimônio Público;540
Alto Araguaia;2023;Outras Receitas Correntes;Outras Restituições;107019
Alto Araguaia;2023;Outras Receitas Correntes;Outros Ressarcimentos;225758
Alto Araguaia;2024;Impostos, Taxas e Contribuições de Melhoria;Taxas Pela Prestação de Serviços;5615
Alto Araguaia;2024;Impostos, Taxas e Contribuições de Melhoria;Imposto Sobre a Renda - Retido na Fonte;7113525
Alto Araguaia;2024;Impostos, Taxas e Contribuições de Melhoria;Taxas de Inspeção, Controle e Fiscalização;648250
Alto Araguaia;2024;Outras Receitas Correntes;Outras Indenizações;68100
Alto Araguaia;2024;Outras Receitas Correntes;Restituição de Convênios;29163
Alto Araguaia;2024;Outras Receitas Correntes;Restituição de Despesas de Exercícios Anteriores;6379
Alto Araguaia;2024;Outras Receitas Correntes;Outras Restituições;911400
Alto Araguaia;2024;Outras Receitas Correntes;Outros Ressarcimentos;353640
Alto Araguaia;2025;Impostos, Taxas e Contribuições de Melhoria;Taxas Pela Prestação de Serviços;6129
Alto Araguaia;2025;Impostos, Taxas e Contribuições de Melhoria;Imposto Sobre a Renda - Retido na Fonte;6790811
Alto Araguaia;2025;Impostos, Taxas e Contribuições de Melhoria;Taxas de Inspeção, Controle e Fiscalização;748092
Alto Araguaia;2025;Outras Receitas Correntes;Restituição de Convênios;46
Alto Araguaia;2025;Outras Receitas Correntes;Restituição de Despesas de Exercícios Anteriores;555
Alto Araguaia;2025;Outras Receitas Correntes;Outras Restituições;349321
Alto Araguaia;2025;Outras Receitas Correntes;Outros Ressarcimentos;518965
Alto Araguaia;2025;Outras Receitas Correntes;Indenização por Sinistro;38126
Alto Araguaia;2026;Impostos, Taxas e Contribuições de Melhoria;Taxas Pela Prestação de Serviços;4933
Alto Araguaia;2026;Impostos, Taxas e Contribuições de Melhoria;Imposto Sobre a Renda - Retido na Fonte;4065263
Alto Araguaia;2026;Impostos, Taxas e Contribuições de Melhoria;Taxas de Inspeção, Controle e Fiscalização;963203
Alto Araguaia;2026;Outras Receitas Correntes;Restituição de Despesas de Exercícios Anteriores;10146
Alto Araguaia;2026;Outras Receitas Correntes;Outras Restituições;135782
Alto Araguaia;2026;Outras Receitas Correntes;Outros Ressarcimentos;141277
Arenápolis;2021;Impostos, Taxas e Contribuições de Melhoria;Taxas Pela Prestação de Serviços;127953
Arenápolis;2021;Impostos, Taxas e Contribuições de Melhoria;Imposto Sobre a Renda - Retido na Fonte;988970
Arenápolis;2021;Impostos, Taxas e Contribuições de Melhoria;Impostos Sobre o Patrimônio para Estados, DF e Municípios;1043010
Arenápolis;2021;Impostos, Taxas e Contribuições de Melhoria;Impostos Sobre a Produção, Circulação de Mercadorias e Serviços;1012485
Arenápolis;2021;Impostos, Taxas e Contribuições de Melhoria;Taxas de Inspeção, Controle e Fiscalização;185277
Arenápolis;2021;Receita Patrimonial;Juros e Correções Monetárias;194958
Arenápolis;2021;Transferências Correntes;Participação na Receita da União;7967187
Arenápolis;2021;Transferências Correntes;Transferência da Compensação Financeira Pela Exploração de Recursos Naturais;172654
Arenápolis;2021;Transferências Correntes;Transferências de Recursos do Fundo Nacional do Desenvolvimento da Educação – FNDE;693942
Arenápolis;2021;Transferências Correntes;Outras Transferências da União;738930
Arenápolis;2021;Transferências Correntes;Participação na Receita dos Estados;7408172
Arenápolis;2021;Transferências Correntes;Transferência de Recursos do Estado para Programas de Saúde – Repasse Fundo a Fundo;7502144
Arenápolis;2021;Transferências Correntes;Transferência de Convênios dos Estados e do Distrito Federal e de SUAS Entidades;139226
Arenápolis;2021;Transferências Correntes;Outras Transferências dos Estados;275287
Arenápolis;2021;Transferências Correntes;Outras Transferências dos Municípios;1388882
Arenápolis;2021;Transferências Correntes;Transferências de Recursos do Fundo de Manutenção e Desenvolvimento da Educação Básica e de Valorização dos Profissionais da Educação – FUNDEB;7149800
Arenápolis;2021;Transferências Correntes;Transferência de Recursos do Sistema Único de Saúde – SUS – Bloco Custeio das Ações e Serviços Públicos de Saúde;3993070
Arenápolis;2021;Transferências Correntes;Transferências de Recursos do Sistema Único de Saúde – SUS - Bloco Investimentos na Rede de Serviços Públicos de Saúde;186430
Arenápolis;2021;Transferências Correntes;Transferências de Recursos de Complementação da União ao Fundo de Manutenção e Desenvolvimento da Educação Básica e de Valorização dos Profissionais da Educação – FUNDEB;236567
Arenápolis;2021;Outras Receitas Correntes;Outras Restituições;15628
Arenápolis;2021;Outras Receitas Correntes;Outras Receitas;136371
Arenápolis;2021;Transferências de Capital;Outras Transferências da União;560000
Arenápolis;2021;Transferências de Capital;Transferências de Convênios dos Estados e do Distrito Federal e de SUAS Entidades;3759042
Arenápolis;2021;Transferências de Capital;Transferências de Recursos do Sistema Único de Saúde – SUS - Bloco Investimentos na Rede de Serviços Públicos de Saúde;90000
Arenápolis;2022;Impostos, Taxas e Contribuições de Melhoria;Taxas Pela Prestação de Serviços;145135
Arenápolis;2022;Impostos, Taxas e Contribuições de Melhoria;Imposto Sobre a Renda - Retido na Fonte;1415951
Arenápolis;2022;Impostos, Taxas e Contribuições de Melhoria;Taxas de Inspeção, Controle e Fiscalização;223855
Arenápolis;2022;Outras Receitas Correntes;Outras Indenizações;37634
Arenápolis;2022;Outras Receitas Correntes;Outras Restituições;497073
Arenápolis;2023;Impostos, Taxas e Contribuições de Melhoria;Taxas Pela Prestação de Serviços;90577
Arenápolis;2023;Impostos, Taxas e Contribuições de Melhoria;Imposto Sobre a Renda - Retido na Fonte;1829604
Arenápolis;2023;Impostos, Taxas e Contribuições de Melhoria;Taxas de Inspeção, Controle e Fiscalização;270258
Arenápolis;2023;Outras Receitas Correntes;Outras Indenizações;7414
Arenápolis;2023;Outras Receitas Correntes;Restituição de Despesas de Exercícios Anteriores;1973763
Arenápolis;2024;Impostos, Taxas e Contribuições de Melhoria;Taxas Pela Prestação de Serviços;104187
Arenápolis;2024;Impostos, Taxas e Contribuições de Melhoria;Imposto Sobre a Renda - Retido na Fonte;2270490
Arenápolis;2024;Impostos, Taxas e Contribuições de Melhoria;Taxas de Inspeção, Controle e Fiscalização;280177
Arenápolis;2024;Outras Receitas Correntes;Restituição de Despesas de Exercícios Anteriores;1080341
Arenápolis;2025;Impostos, Taxas e Contribuições de Melhoria;Taxas Pela Prestação de Serviços;69049
Arenápolis;2025;Impostos, Taxas e Contribuições de Melhoria;Imposto Sobre a Renda - Retido na Fonte;2669591
Arenápolis;2025;Impostos, Taxas e Contribuições de Melhoria;Taxas de Inspeção, Controle e Fiscalização;296421
Arenápolis;2025;Outras Receitas Correntes;Restituição de Despesas de Exercícios Anteriores;2942583
Arenápolis;2026;Impostos, Taxas e Contribuições de Melhoria;Taxas Pela Prestação de Serviços;81307
Arenápolis;2026;Impostos, Taxas e Contribuições de Melhoria;Imposto Sobre a Renda - Retido na Fonte;1472357
Arenápolis;2026;Impostos, Taxas e Contribuições de Melhoria;Taxas de Inspeção, Controle e Fiscalização;260247
Arenápolis;2026;Outras Receitas Correntes;Restituição de Despesas de Exercícios Anteriores;2112560
Canarana;2021;Impostos, Taxas e Contribuições de Melhoria;Taxa de Controle e Fiscalização Ambiental;198607
Canarana;2021;Impostos, Taxas e Contribuições de Melhoria;Taxas Pela Prestação de Serviços;123223
Canarana;2021;Impostos, Taxas e Contribuições de Melhoria;Imposto Sobre a Renda - Retido na Fonte;3999794
Canarana;2021;Impostos, Taxas e Contribuições de Melhoria;Impostos Sobre o Patrimônio para Estados, DF e Municípios;14312518
Canarana;2021;Impostos, Taxas e Contribuições de Melhoria;Impostos Sobre a Produção, Circulação de Mercadorias e Serviços;10260252
Canarana;2021;Impostos, Taxas e Contribuições de Melhoria;Taxas de Inspeção, Controle e Fiscalização;1738414
Canarana;2021;Impostos, Taxas e Contribuições de Melhoria;Contribuição de Melhoria para Pavimentação e Obras Complementares;201705
Canarana;2021;Contribuições;Contribuição do Servidor Civil para o Plano de Seguridade Social - Cpsss - Específico de Est/df/mun;3219157
Canarana;2021;Contribuições;Cpsss Patronal - Servidor Civil - Específico de Est/df/mun;3222680
Canarana;2021;Contribuições;Cpsss Patronal - Parcelamentos - Específico de Est/df/mun;394863
Canarana;2021;Receita Patrimonial;Juros e Correções Monetárias;2542561
Canarana;2021;Receita de Serviços;Inscrição em Concursos e Processos Seletivos;6509
Canarana;2021;Transferências Correntes;Participação na Receita da União;19392204
Canarana;2021;Transferências Correntes;Transferência da Compensação Financeira Pela Exploração de Recursos Naturais;349949
Canarana;2021;Transferências Correntes;Transferências de Recursos do Fundo Nacional de Assistência Social – FNAS;211936
Canarana;2021;Transferências Correntes;Transferências de Recursos do Fundo Nacional do Desenvolvimento da Educação – FNDE;1095464
Canarana;2021;Transferências Correntes;Outras Transferências da União;1416669
Canarana;2021;Transferências Correntes;Participação na Receita dos Estados;40167914
Canarana;2021;Transferências Correntes;Transferência da Cota-parte da Compensação Financeira (25%);2419
Canarana;2021;Transferências Correntes;Transferência de Recursos do Estado para Programas de Saúde – Repasse Fundo a Fundo;1925308
Canarana;2021;Transferências Correntes;Transferências de Estados a Consórcios Públicos;188500
Canarana;2021;Transferências Correntes;Transferências de Estados Destinadas à Assistência Social;771
Canarana;2021;Transferências Correntes;Transferência de Convênios dos Estados e do Distrito Federal e de SUAS Entidades;786736
Canarana;2021;Transferências Correntes;Outras Transferências dos Estados;693865
Canarana;2021;Transferências Correntes;Transferências de Recursos do Fundo de Manutenção e Desenvolvimento da Educação Básica e de Valorização dos Profissionais da Educação – FUNDEB;17730158
Canarana;2021;Transferências Correntes;Transferência de Recursos do Sistema Único de Saúde – SUS – Bloco Custeio das Ações e Serviços Públicos de Saúde;8729146
Canarana;2021;Outras Receitas Correntes;Outras Restituições;48128
Canarana;2021;Outras Receitas Correntes;Aportes Periódicos para Amortização de Déficit Atuarial do RPPS;1568833
Canarana;2021;Outras Receitas Correntes;Multas Decorrentes de Sentenças Judiciais;38226
Canarana;2021;Outras Receitas Correntes;Indenização por Sinistro;96091
Canarana;2021;Outras Receitas Correntes;Compensações Financeiras Entre o Regime Geral e Os Regimes Próprios de Previdência dos Servidores;48129
Canarana;2021;Operações de Crédito;Operações de Crédito Internas de Estados, DF e Municípios;582500
Canarana;2021;Operações de Crédito;Outras Operações de Crédito - Mercado Interno;1802361
Canarana;2021;Transferências de Capital;Transferências de Recursos do Sistema Único de Saúde – SUS;407990
Canarana;2021;Transferências de Capital;Transferência de Convênios da União e de SUAS Entidades;2764561
Canarana;2021;Transferências de Capital;Transferências de Convênios dos Estados e do Distrito Federal e de SUAS Entidades;3024656
Canarana;2022;Impostos, Taxas e Contribuições de Melhoria;Taxa de Controle e Fiscalização Ambiental;2057659
Canarana;2022;Impostos, Taxas e Contribuições de Melhoria;Taxas Pela Prestação de Serviços;198561
Canarana;2022;Impostos, Taxas e Contribuições de Melhoria;Imposto Sobre a Renda - Retido na Fonte;5513523
Canarana;2022;Impostos, Taxas e Contribuições de Melhoria;Taxas de Inspeção, Controle e Fiscalização;1084708
Canarana;2022;Outras Receitas Correntes;Outras Restituições;180658
Canarana;2023;Impostos, Taxas e Contribuições de Melhoria;Taxa de Controle e Fiscalização Ambiental;849840
Canarana;2023;Impostos, Taxas e Contribuições de Melhoria;Taxas Pela Prestação de Serviços;1683627
Canarana;2023;Impostos, Taxas e Contribuições de Melhoria;Imposto Sobre a Renda - Retido na Fonte;7168898
Canarana;2023;Impostos, Taxas e Contribuições de Melhoria;Taxas de Inspeção, Controle e Fiscalização;1076905
Canarana;2023;Outras Receitas Correntes;Outras Restituições;419251
Canarana;2024;Impostos, Taxas e Contribuições de Melhoria;Taxa de Controle e Fiscalização Ambiental;136250
Canarana;2024;Impostos, Taxas e Contribuições de Melhoria;Taxas Pela Prestação de Serviços;4639226
Canarana;2024;Impostos, Taxas e Contribuições de Melhoria;Imposto Sobre a Renda - Retido na Fonte;10184124
Canarana;2024;Impostos, Taxas e Contribuições de Melhoria;Taxas de Inspeção, Controle e Fiscalização;873538
Canarana;2024;Outras Receitas Correntes;Outras Restituições;25632
Canarana;2025;Impostos, Taxas e Contribuições de Melhoria;Taxa de Controle e Fiscalização Ambiental;96314
Canarana;2025;Impostos, Taxas e Contribuições de Melhoria;Taxas Pela Prestação de Serviços;506354
Canarana;2025;Impostos, Taxas e Contribuições de Melhoria;Imposto Sobre a Renda - Retido na Fonte;11681476
Canarana;2025;Impostos, Taxas e Contribuições de Melhoria;Taxas de Inspeção, Controle e Fiscalização;2183306
Canarana;2025;Outras Receitas Correntes;Indenizações por Danos Causados ao Patrimônio Público;8510
Canarana;2025;Outras Receitas Correntes;Outras Restituições;202693
Canarana;2026;Impostos, Taxas e Contribuições de Melhoria;Taxa de Controle e Fiscalização Ambiental;106
Canarana;2026;Impostos, Taxas e Contribuições de Melhoria;Taxas Pela Prestação de Serviços;531485
Canarana;2026;Impostos, Taxas e Contribuições de Melhoria;Imposto Sobre a Renda - Retido na Fonte;6821061
Canarana;2026;Impostos, Taxas e Contribuições de Melhoria;Taxas de Inspeção, Controle e Fiscalização;2967404
Canarana;2026;Outras Receitas Correntes;Outras Restituições;7110
Ribeirão Cascalheira;2021;Impostos, Taxas e Contribuições de Melhoria;Taxas Pela Prestação de Serviços;248217
Ribeirão Cascalheira;2021;Impostos, Taxas e Contribuições de Melhoria;Imposto Sobre a Renda - Retido na Fonte;797318
Ribeirão Cascalheira;2021;Impostos, Taxas e Contribuições de Melhoria;Impostos Sobre o Patrimônio para Estados, DF e Municípios;2653098
Ribeirão Cascalheira;2021;Impostos, Taxas e Contribuições de Melhoria;Impostos Sobre a Produção, Circulação de Mercadorias e Serviços;1474032
Ribeirão Cascalheira;2021;Impostos, Taxas e Contribuições de Melhoria;Taxas de Inspeção, Controle e Fiscalização;94638
Ribeirão Cascalheira;2021;Contribuições;Contribuição do Servidor Civil para o Plano de Seguridade Social - Cpsss - Específico de Est/df/mun;956755
Ribeirão Cascalheira;2021;Contribuições;Cpsss Patronal - Servidor Civil - Específico de Est/df/mun;2009253
Ribeirão Cascalheira;2021;Contribuições;Cpsss Patronal - Parcelamentos - Específico de Est/df/mun;1057803
Ribeirão Cascalheira;2021;Receita Patrimonial;Juros e Correções Monetárias;365806
Ribeirão Cascalheira;2021;Receita de Serviços;Outros Serviços;432665
Ribeirão Cascalheira;2021;Transferências Correntes;Participação na Receita da União;11455729
Ribeirão Cascalheira;2021;Transferências Correntes;Transferência da Compensação Financeira Pela Exploração de Recursos Naturais;229589
Ribeirão Cascalheira;2021;Transferências Correntes;Transferências de Recursos do Fundo Nacional de Assistência Social – FNAS;176758
Ribeirão Cascalheira;2021;Transferências Correntes;Transferências de Recursos do Fundo Nacional do Desenvolvimento da Educação – FNDE;617652
Ribeirão Cascalheira;2021;Transferências Correntes;Transferências de Convênios da União e de SUAS Entidades;234834
Ribeirão Cascalheira;2021;Transferências Correntes;Outras Transferências da União;131182
Ribeirão Cascalheira;2021;Transferências Correntes;Participação na Receita dos Estados;16078736
Ribeirão Cascalheira;2021;Transferências Correntes;Transferência da Cota-parte da Compensação Financeira (25%);6676
Ribeirão Cascalheira;2021;Transferências Correntes;Transferência de Recursos do Estado para Programas de Saúde – Repasse Fundo a Fundo;1604372
Ribeirão Cascalheira;2021;Transferências Correntes;Transferência de Convênios dos Estados e do Distrito Federal e de SUAS Entidades;201611
Ribeirão Cascalheira;2021;Transferências Correntes;Outras Transferências dos Estados;591641
Ribeirão Cascalheira;2021;Transferências Correntes;Transferências de Recursos do Fundo de Manutenção e Desenvolvimento da Educação Básica e de Valorização dos Profissionais da Educação – FUNDEB;9513981
Ribeirão Cascalheira;2021;Transferências Correntes;Transferência de Recursos do Sistema Único de Saúde – SUS – Bloco Custeio das Ações e Serviços Públicos de Saúde;2191164
Ribeirão Cascalheira;2021;Outras Receitas Correntes;Outras Restituições;3642
Ribeirão Cascalheira;2021;Outras Receitas Correntes;Outras Receitas;86053
Ribeirão Cascalheira;2021;Transferências de Capital;Transferências de Recursos do Sistema Único de Saúde – SUS;700000
Ribeirão Cascalheira;2022;Impostos, Taxas e Contribuições de Melhoria;Taxas Pela Prestação de Serviços;72277
Ribeirão Cascalheira;2022;Impostos, Taxas e Contribuições de Melhoria;Imposto Sobre a Renda - Retido na Fonte;1537502
Ribeirão Cascalheira;2022;Impostos, Taxas e Contribuições de Melhoria;Taxas de Inspeção, Controle e Fiscalização;167433
Ribeirão Cascalheira;2022;Outras Receitas Correntes;Outras Restituições;1433
Ribeirão Cascalheira;2023;Impostos, Taxas e Contribuições de Melhoria;Taxas Pela Prestação de Serviços;152748
Ribeirão Cascalheira;2023;Impostos, Taxas e Contribuições de Melhoria;Imposto Sobre a Renda - Retido na Fonte;1952295
Ribeirão Cascalheira;2023;Impostos, Taxas e Contribuições de Melhoria;Taxas de Inspeção, Controle e Fiscalização;88433
Ribeirão Cascalheira;2023;Outras Receitas Correntes;Outras Restituições;89519
Ribeirão Cascalheira;2024;Impostos, Taxas e Contribuições de Melhoria;Taxas Pela Prestação de Serviços;47952
Ribeirão Cascalheira;2024;Impostos, Taxas e Contribuições de Melhoria;Imposto Sobre a Renda - Retido na Fonte;2711594
Ribeirão Cascalheira;2024;Impostos, Taxas e Contribuições de Melhoria;Taxas de Inspeção, Controle e Fiscalização;142513
Ribeirão Cascalheira;2024;Outras Receitas Correntes;Outras Restituições;981372
Ribeirão Cascalheira;2025;Impostos, Taxas e Contribuições de Melhoria;Taxas Pela Prestação de Serviços;186816
Ribeirão Cascalheira;2025;Impostos, Taxas e Contribuições de Melhoria;Imposto Sobre a Renda - Retido na Fonte;3713800
Ribeirão Cascalheira;2025;Impostos, Taxas e Contribuições de Melhoria;Taxas de Inspeção, Controle e Fiscalização;212815
Ribeirão Cascalheira;2025;Outras Receitas Correntes;Outras Indenizações;390626
Ribeirão Cascalheira;2025;Outras Receitas Correntes;Outras Restituições;46421
Ribeirão Cascalheira;2026;Impostos, Taxas e Contribuições de Melhoria;Taxas Pela Prestação de Serviços;42701
Ribeirão Cascalheira;2026;Impostos, Taxas e Contribuições de Melhoria;Imposto Sobre a Renda - Retido na Fonte;2029010
Ribeirão Cascalheira;2026;Impostos, Taxas e Contribuições de Melhoria;Taxas de Inspeção, Controle e Fiscalização;196882
Ribeirão Cascalheira;2026;Outras Receitas Correntes;Outras Indenizações;239219
Ribeirão Cascalheira;2026;Outras Receitas Correntes;Outras Restituições;583
São Félix do Araguaia;2021;Impostos, Taxas e Contribuições de Melhoria;Taxa de Controle e Fiscalização Ambiental;16756
São Félix do Araguaia;2021;Impostos, Taxas e Contribuições de Melhoria;Taxas Pela Prestação de Serviços;1376394
São Félix do Araguaia;2021;Impostos, Taxas e Contribuições de Melhoria;Imposto Sobre a Renda - Retido na Fonte;1775317
São Félix do Araguaia;2021;Impostos, Taxas e Contribuições de Melhoria;Impostos Sobre o Patrimônio para Estados, DF e Municípios;2737963
São Félix do Araguaia;2021;Impostos, Taxas e Contribuições de Melhoria;Impostos Sobre a Produção, Circulação de Mercadorias e Serviços;4288288
São Félix do Araguaia;2021;Impostos, Taxas e Contribuições de Melhoria;Outros Impostos;29603
São Félix do Araguaia;2021;Impostos, Taxas e Contribuições de Melhoria;Taxas de Inspeção, Controle e Fiscalização;138491
São Félix do Araguaia;2021;Impostos, Taxas e Contribuições de Melhoria;Emolumentos e Custas Judiciais;6113
São Félix do Araguaia;2021;Contribuições;Contribuição do Servidor Civil para o Plano de Seguridade Social - Cpsss - Específico de Est/df/mun;2109156
São Félix do Araguaia;2021;Contribuições;Cpsss - Parcelamentos - Específico de Est/df/mun;43685
São Félix do Araguaia;2021;Contribuições;Cpsss Patronal - Servidor Civil - Específico de Est/df/mun;2155403
São Félix do Araguaia;2021;Contribuições;Cpsss Patronal - Parcelamentos - Específico de Est/df/mun;749832
São Félix do Araguaia;2021;Receita Patrimonial;Juros e Correções Monetárias;291614
São Félix do Araguaia;2021;Receita de Serviços;Serviços Administrativos e Comerciais Gerais;472089
São Félix do Araguaia;2021;Transferências Correntes;Participação na Receita da União;14393594
São Félix do Araguaia;2021;Transferências Correntes;Transferência da Compensação Financeira Pela Exploração de Recursos Naturais;1243096
São Félix do Araguaia;2021;Transferências Correntes;Transferências de Recursos do Fundo Nacional de Assistência Social – FNAS;109571
São Félix do Araguaia;2021;Transferências Correntes;Transferências de Recursos do Fundo Nacional do Desenvolvimento da Educação – FNDE;550326
São Félix do Araguaia;2021;Transferências Correntes;Outras Transferências da União;1019375
São Félix do Araguaia;2021;Transferências Correntes;Participação na Receita dos Estados;28733281
São Félix do Araguaia;2021;Transferências Correntes;Transferência de Recursos do Estado para Programas de Saúde – Repasse Fundo a Fundo;2784870
São Félix do Araguaia;2021;Transferências Correntes;Transferências de Estados Destinadas à Assistência Social;385809
São Félix do Araguaia;2021;Transferências Correntes;Transferência de Convênios dos Estados e do Distrito Federal e de SUAS Entidades;803528
São Félix do Araguaia;2021;Transferências Correntes;Outras Transferências dos Estados;10430
São Félix do Araguaia;2021;Transferências Correntes;Transferências de Recursos do Fundo de Manutenção e Desenvolvimento da Educação Básica e de Valorização dos Profissionais da Educação – FUNDEB;9011916
São Félix do Araguaia;2021;Transferências Correntes;Transferência de Recursos do Sistema Único de Saúde – SUS – Bloco Custeio das Ações e Serviços Públicos de Saúde;5071288
São Félix do Araguaia;2021;Transferências Correntes;Transferências de Recursos do Sistema Único de Saúde – SUS - Bloco Investimentos na Rede de Serviços Públicos de Saúde;1109866
São Félix do Araguaia;2021;Outras Receitas Correntes;Outras Restituições;8602
São Félix do Araguaia;2021;Outras Receitas Correntes;Outras Receitas;4784647
São Félix do Araguaia;2021;Transferências de Capital;Outras Transferências da União;3218214
São Félix do Araguaia;2021;Transferências de Capital;Transferências de Recursos do Sistema Único de Saúde – SUS;89435
São Félix do Araguaia;2021;Transferências de Capital;Transferência de Convênios da União e de SUAS Entidades;144058
São Félix do Araguaia;2022;Impostos, Taxas e Contribuições de Melhoria;Taxa de Controle e Fiscalização Ambiental;147476
São Félix do Araguaia;2022;Impostos, Taxas e Contribuições de Melhoria;Taxas Pela Prestação de Serviços;2814002
São Félix do Araguaia;2022;Impostos, Taxas e Contribuições de Melhoria;Imposto Sobre a Renda - Retido na Fonte;4181775
São Félix do Araguaia;2022;Impostos, Taxas e Contribuições de Melhoria;Taxas de Inspeção, Controle e Fiscalização;111231
São Félix do Araguaia;2022;Outras Receitas Correntes;Outras Indenizações;13638
São Félix do Araguaia;2022;Outras Receitas Correntes;Outras Restituições;145498
São Félix do Araguaia;2023;Impostos, Taxas e Contribuições de Melhoria;Taxa de Controle e Fiscalização Ambiental;197538
São Félix do Araguaia;2023;Impostos, Taxas e Contribuições de Melhoria;Imposto Sobre a Renda - Retido na Fonte;2721983
São Félix do Araguaia;2023;Impostos, Taxas e Contribuições de Melhoria;Taxas de Inspeção, Controle e Fiscalização;138273
São Félix do Araguaia;2023;Outras Receitas Correntes;Outras Restituições;174888
São Félix do Araguaia;2024;Impostos, Taxas e Contribuições de Melhoria;Taxa de Controle e Fiscalização Ambiental;43958
São Félix do Araguaia;2024;Impostos, Taxas e Contribuições de Melhoria;Taxas Pela Prestação de Serviços;6476
São Félix do Araguaia;2024;Impostos, Taxas e Contribuições de Melhoria;Imposto Sobre a Renda - Retido na Fonte;4052774
São Félix do Araguaia;2024;Impostos, Taxas e Contribuições de Melhoria;Taxas de Inspeção, Controle e Fiscalização;127598
São Félix do Araguaia;2024;Outras Receitas Correntes;Outras Restituições;393604
São Félix do Araguaia;2025;Impostos, Taxas e Contribuições de Melhoria;Taxa de Controle e Fiscalização Ambiental;63424
São Félix do Araguaia;2025;Impostos, Taxas e Contribuições de Melhoria;Imposto Sobre a Renda - Retido na Fonte;4721191
São Félix do Araguaia;2025;Impostos, Taxas e Contribuições de Melhoria;Taxas de Inspeção, Controle e Fiscalização;720704
São Félix do Araguaia;2025;Outras Receitas Correntes;Outras Restituições;1095016
São Félix do Araguaia;2026;Impostos, Taxas e Contribuições de Melhoria;Taxa de Controle e Fiscalização Ambiental;108926
São Félix do Araguaia;2026;Impostos, Taxas e Contribuições de Melhoria;Imposto Sobre a Renda - Retido na Fonte;1776873
São Félix do Araguaia;2026;Impostos, Taxas e Contribuições de Melhoria;Taxas de Inspeção, Controle e Fiscalização;216488
São Félix do Araguaia;2026;Outras Receitas Correntes;Outras Restituições;323315
