municipio;exercicio;categoria;origem;especie;arrecadada;prevista
Água Boa;2021;Receitas Correntes;Impostos, Taxas e Contribuições de Melhoria;Impostos;30063483;21530481
Água Boa;2021;Receitas Correntes;Impostos, Taxas e Contribuições de Melhoria;Taxas;2174099;1972300
Água Boa;2021;Receitas Correntes;Contribuições;Sociais;3357640;2236000
Água Boa;2021;Receitas Correntes;Contribuições;Para Custeio de Iluminação Pública;2680565;2630000
Água Boa;2021;Receitas Correntes;Receita Patrimonial;Exploração do Patrimônio Imobiliário do Estado;33520;37700
Água Boa;2021;Receitas Correntes;Receita Patrimonial;Valores Mobiliários;2533331;2634500
Água Boa;2021;Receitas Correntes;Receita de Serviços;Serviços Administrativos e Gerais;5648126;4950000
Água Boa;2021;Receitas Correntes;Receita de Serviços;Outros Serviços;15532;15100
Água Boa;2021;Receitas Correntes;Transferências Correntes;Transferências de Outras Instituições Públicas;21986619;16167770
Água Boa;2021;Receitas Correntes;Transferências Correntes;Transferências de Instituições Privadas;40000;55000
Água Boa;2021;Receitas Correntes;Transferências Correntes;Transferências da União e de SUAS Entidades;41375587;35700764
Água Boa;2021;Receitas Correntes;Transferências Correntes;Transferências dos Estados e do Distrito Federal e de SUAS Entidades;45582602;37260190
Água Boa;2021;Receitas Correntes;Transferências Correntes;Transferências de Pessoas Físicas;317963;0
Água Boa;2021;Receitas Correntes;Outras Receitas Correntes;Indenizações, Restituições e Ressarcimentos;346768;362250
Água Boa;2021;Receitas Correntes;Outras Receitas Correntes;Demais Receitas Correntes;262055;54000
Água Boa;2021;Receitas Correntes;Outras Receitas Correntes;Multas Administrativas, Contratuais e Judiciais;40555;23900
Água Boa;2021;Receitas de Capital;Alienação de Bens;Bens Móveis;451589;0
Água Boa;2021;Receitas de Capital;Alienação de Bens;Bens Imóveis;1769453;2798100
Água Boa;2021;Receitas de Capital;Transferências de Capital;Transferências da União e de SUAS Entidades;1211093;8027866
Água Boa;2021;Receitas de Capital;Transferências de Capital;Transferências dos Estados e do Distrito Federal e de SUAS Entidades;5197252;8165098
Água Boa;2021;Receitas Correntes Intraorçamentárias;Contribuições;Sociais;6669433;5040000
Água Boa;2022;Receitas Correntes;Impostos, Taxas e Contribuições de Melhoria;Impostos;38698493;28168697
Água Boa;2022;Receitas Correntes;Impostos, Taxas e Contribuições de Melhoria;Taxas;2400336;2517399
Água Boa;2022;Receitas Correntes;Contribuições;Sociais;4346065;2236000
Água Boa;2022;Receitas Correntes;Contribuições;Para Custeio de Iluminação Pública;3384308;2920000
Água Boa;2022;Receitas Correntes;Receita Patrimonial;Exploração do Patrimônio Imobiliário do Estado;127083;32200
Água Boa;2022;Receitas Correntes;Receita Patrimonial;Valores Mobiliários;10901777;4314900
Água Boa;2022;Receitas Correntes;Receita de Serviços;Serviços Administrativos e Gerais;6806891;6769335
Água Boa;2022;Receitas Correntes;Receita de Serviços;Outros Serviços;193396;20100
Água Boa;2022;Receitas Correntes;Transferências Correntes;Transferências de Outras Instituições Públicas;24220213;23320000
Água Boa;2022;Receitas Correntes;Transferências Correntes;Transferências de Instituições Privadas;0;20000
Água Boa;2022;Receitas Correntes;Transferências Correntes;Transferências da União e de SUAS Entidades;47077643;45836443
Água Boa;2022;Receitas Correntes;Transferências Correntes;Transferências dos Estados e do Distrito Federal e de SUAS Entidades;59601447;69338954
Água Boa;2022;Receitas Correntes;Outras Receitas Correntes;Indenizações, Restituições e Ressarcimentos;246882;178000
Água Boa;2022;Receitas Correntes;Outras Receitas Correntes;Demais Receitas Correntes;405424;63000
Água Boa;2022;Receitas Correntes;Outras Receitas Correntes;Multas Administrativas, Contratuais e Judiciais;27257;25600
Água Boa;2022;Receitas de Capital;Operações de Crédito;Internas;1244300;4619300
Água Boa;2022;Receitas de Capital;Alienação de Bens;Bens Móveis;257400;399720
Água Boa;2022;Receitas de Capital;Alienação de Bens;Bens Imóveis;2611738;1900000
Água Boa;2022;Receitas de Capital;Transferências de Capital;Transferências da União e de SUAS Entidades;1543520;4483820
Água Boa;2022;Receitas de Capital;Transferências de Capital;Transferências dos Estados e do Distrito Federal e de SUAS Entidades;17036723;11089370
Água Boa;2022;Receitas Correntes Intraorçamentárias;Contribuições;Sociais;9993121;5040000
Água Boa;2023;Receitas Correntes;Impostos, Taxas e Contribuições de Melhoria;Impostos;56649547;42401270
Água Boa;2023;Receitas Correntes;Impostos, Taxas e Contribuições de Melhoria;Taxas;2954429;5648200
Água Boa;2023;Receitas Correntes;Contribuições;Sociais;4448324;4311990
Água Boa;2023;Receitas Correntes;Contribuições;Para Custeio de Iluminação Pública;4354338;3950030
Água Boa;2023;Receitas Correntes;Receita Patrimonial;Exploração do Patrimônio Imobiliário do Estado;132011;102000
Água Boa;2023;Receitas Correntes;Receita Patrimonial;Valores Mobiliários;13509550;6966660
Água Boa;2023;Receitas Correntes;Receita de Serviços;Serviços Administrativos e Gerais;7507173;7520000
Água Boa;2023;Receitas Correntes;Receita de Serviços;Outros Serviços;1422544;50500
Água Boa;2023;Receitas Correntes;Transferências Correntes;Transferências de Outras Instituições Públicas;28651190;30000000
Água Boa;2023;Receitas Correntes;Transferências Correntes;Transferências da União e de SUAS Entidades;52163028;68634017
Água Boa;2023;Receitas Correntes;Transferências Correntes;Transferências dos Estados e do Distrito Federal e de SUAS Entidades;71405315;75590482
Água Boa;2023;Receitas Correntes;Outras Receitas Correntes;Indenizações, Restituições e Ressarcimentos;155316;213000
Água Boa;2023;Receitas Correntes;Outras Receitas Correntes;Demais Receitas Correntes;760500;344500
Água Boa;2023;Receitas Correntes;Outras Receitas Correntes;Multas Administrativas, Contratuais e Judiciais;758215;42000
Água Boa;2023;Receitas de Capital;Operações de Crédito;Internas;5489179;20255700
Água Boa;2023;Receitas de Capital;Alienação de Bens;Bens Móveis;233560;500000
Água Boa;2023;Receitas de Capital;Alienação de Bens;Bens Imóveis;1041870;2625000
Água Boa;2023;Receitas de Capital;Transferências de Capital;Transferências da União e de SUAS Entidades;2064265;3110060
Água Boa;2023;Receitas de Capital;Transferências de Capital;Transferências dos Estados e do Distrito Federal e de SUAS Entidades;14411442;14562397
Água Boa;2023;Receitas Correntes Intraorçamentárias;Contribuições;Sociais;13516985;7573010
Água Boa;2024;Receitas Correntes;Impostos, Taxas e Contribuições de Melhoria;Impostos;52841122;55953759
Água Boa;2024;Receitas Correntes;Impostos, Taxas e Contribuições de Melhoria;Taxas;2599957;2966200
Água Boa;2024;Receitas Correntes;Contribuições;Sociais;5882006;4575000
Água Boa;2024;Receitas Correntes;Contribuições;Para Custeio de Iluminação Pública;4961734;4590000
Água Boa;2024;Receitas Correntes;Receita Patrimonial;Exploração do Patrimônio Imobiliário do Estado;81120;103900
Água Boa;2024;Receitas Correntes;Receita Patrimonial;Valores Mobiliários;3574723;9617470
Água Boa;2024;Receitas Correntes;Receita de Serviços;Serviços Administrativos e Gerais;830010;0
Água Boa;2024;Receitas Correntes;Receita de Serviços;Outros Serviços;9970353;10560000
Água Boa;2024;Receitas Correntes;Transferências Correntes;Transferências de Outras Instituições Públicas;32244082;31029000
Água Boa;2024;Receitas Correntes;Transferências Correntes;Transferências da União e de SUAS Entidades;59092713;74602256
Água Boa;2024;Receitas Correntes;Transferências Correntes;Transferências dos Estados e do Distrito Federal e de SUAS Entidades;88444196;81801018
Água Boa;2024;Receitas Correntes;Outras Receitas Correntes;Indenizações, Restituições e Ressarcimentos;965980;178000
Água Boa;2024;Receitas Correntes;Outras Receitas Correntes;Demais Receitas Correntes;2023002;669800
Água Boa;2024;Receitas Correntes;Outras Receitas Correntes;Multas Administrativas, Contratuais e Judiciais;436764;266000
Água Boa;2024;Receitas de Capital;Operações de Crédito;Internas;13026027;13177000
Água Boa;2024;Receitas de Capital;Alienação de Bens;Bens Móveis;0;120000
Água Boa;2024;Receitas de Capital;Alienação de Bens;Bens Imóveis;1470172;1970010
Água Boa;2024;Receitas de Capital;Transferências de Capital;Transferências da União e de SUAS Entidades;3410071;2762714
Água Boa;2024;Receitas de Capital;Transferências de Capital;Transferências dos Estados e do Distrito Federal e de SUAS Entidades;20590548;8816244
Água Boa;2024;Receitas Correntes Intraorçamentárias;Contribuições;Sociais;17895252;12265000
Água Boa;2025;Receitas Correntes;Impostos, Taxas e Contribuições de Melhoria;Impostos;61186822;61039600
Água Boa;2025;Receitas Correntes;Impostos, Taxas e Contribuições de Melhoria;Taxas;2881976;3611050
Água Boa;2025;Receitas Correntes;Contribuições;Sociais;7760137;6097520
Água Boa;2025;Receitas Correntes;Contribuições;Para Custeio de Iluminação Pública;4990444;5472500
Água Boa;2025;Receitas Correntes;Receita Patrimonial;Exploração do Patrimônio Imobiliário do Estado;71016;128660
Água Boa;2025;Receitas Correntes;Receita Patrimonial;Valores Mobiliários;6479782;13985500
Água Boa;2025;Receitas Correntes;Receita de Serviços;Outros Serviços;10098269;10680000
Água Boa;2025;Receitas Correntes;Transferências Correntes;Transferências de Outras Instituições Públicas;39570659;37105069
Água Boa;2025;Receitas Correntes;Transferências Correntes;Transferências da União e de SUAS Entidades;81466447;80175115
Água Boa;2025;Receitas Correntes;Transferências Correntes;Transferências dos Estados e do Distrito Federal e de SUAS Entidades;94453991;91072825
Água Boa;2025;Receitas Correntes;Outras Receitas Correntes;Indenizações, Restituições e Ressarcimentos;69686;130000
Água Boa;2025;Receitas Correntes;Outras Receitas Correntes;Demais Receitas Correntes;906587;1561300
Água Boa;2025;Receitas Correntes;Outras Receitas Correntes;Multas Administrativas, Contratuais e Judiciais;1273084;472500
Água Boa;2025;Receitas de Capital;Operações de Crédito;Internas;4488334;4339170
Água Boa;2025;Receitas de Capital;Alienação de Bens;Bens Móveis;129300;0
Água Boa;2025;Receitas de Capital;Alienação de Bens;Bens Imóveis;0;1420000
Água Boa;2025;Receitas de Capital;Transferências de Capital;Transferências da União e de SUAS Entidades;2242750;5891598
Água Boa;2025;Receitas de Capital;Transferências de Capital;Transferências dos Estados e do Distrito Federal e de SUAS Entidades;31075159;15089482
Água Boa;2025;Receitas Correntes Intraorçamentárias;Contribuições;Sociais;23739731;18500000
Água Boa;2026;Receitas Correntes;Impostos, Taxas e Contribuições de Melhoria;Impostos;32040303;64686240
Água Boa;2026;Receitas Correntes;Impostos, Taxas e Contribuições de Melhoria;Taxas;2288576;3603200
Água Boa;2026;Receitas Correntes;Contribuições;Sociais;4348640;7343000
Água Boa;2026;Receitas Correntes;Contribuições;Para Custeio de Iluminação Pública;3160145;5257500
Água Boa;2026;Receitas Correntes;Receita Patrimonial;Exploração do Patrimônio Imobiliário do Estado;52492;83700
Água Boa;2026;Receitas Correntes;Receita Patrimonial;Valores Mobiliários;4948609;5755500
Água Boa;2026;Receitas Correntes;Receita Patrimonial;Cessão de Direitos;1967810;1954225
Água Boa;2026;Receitas Correntes;Receita de Serviços;Outros Serviços;5923710;11686650
Água Boa;2026;Receitas Correntes;Transferências Correntes;Transferências de Outras Instituições Públicas;24111236;39700000
Água Boa;2026;Receitas Correntes;Transferências Correntes;Transferências da União e de SUAS Entidades;42420473;72660870
Água Boa;2026;Receitas Correntes;Transferências Correntes;Transferências dos Estados e do Distrito Federal e de SUAS Entidades;60923442;101512696
Água Boa;2026;Receitas Correntes;Transferências Correntes;Transferências dos Municípios e SUAS Entidades;1257462;6000000
Água Boa;2026;Receitas Correntes;Outras Receitas Correntes;Indenizações, Restituições e Ressarcimentos;208510;120000
Água Boa;2026;Receitas Correntes;Outras Receitas Correntes;Demais Receitas Correntes;531579;1036000
Água Boa;2026;Receitas Correntes;Outras Receitas Correntes;Multas Administrativas, Contratuais e Judiciais;570467;645500
Água Boa;2026;Receitas Correntes;Outras Receitas Correntes;Bens, Direitos e Valores Incorporados ao Patrimônio Público;3225;0
Água Boa;2026;Receitas de Capital;Operações de Crédito;Internas;0;190000
Água Boa;2026;Receitas de Capital;Alienação de Bens;Bens Móveis;0;500000
Água Boa;2026;Receitas de Capital;Alienação de Bens;Bens Imóveis;320600;900000
Água Boa;2026;Receitas de Capital;Transferências de Capital;Transferências da União e de SUAS Entidades;4877045;6050969
Água Boa;2026;Receitas de Capital;Transferências de Capital;Transferências dos Estados e do Distrito Federal e de SUAS Entidades;6528612;13005775
Água Boa;2026;Receitas Correntes Intraorçamentárias;Contribuições;Sociais;12078822;20962000
Alto Araguaia;2021;Receitas Correntes;Impostos, Taxas e Contribuições de Melhoria;Impostos;13920415;10548723
Alto Araguaia;2021;Receitas Correntes;Impostos, Taxas e Contribuições de Melhoria;Taxas;1501470;4472850
Alto Araguaia;2021;Receitas Correntes;Impostos, Taxas e Contribuições de Melhoria;Contribuição de Melhoria;0;78010
Alto Araguaia;2021;Receitas Correntes;Contribuições;Sociais;3236342;3450582
Alto Araguaia;2021;Receitas Correntes;Contribuições;Para Custeio de Iluminação Pública;1204211;1700000
Alto Araguaia;2021;Receitas Correntes;Receita Patrimonial;Exploração do Patrimônio Imobiliário do Estado;0;8103
Alto Araguaia;2021;Receitas Correntes;Receita Patrimonial;Valores Mobiliários;678889;2391194
Alto Araguaia;2021;Receitas Correntes;Receita de Serviços;Serviços Administrativos e Gerais;2101671;4627460
Alto Araguaia;2021;Receitas Correntes;Receita de Serviços;Serviços e Atividades Referentes a Navegação e Transporte;0;46305
Alto Araguaia;2021;Receitas Correntes;Receita de Serviços;Outros Serviços;26654;17364
Alto Araguaia;2021;Receitas Correntes;Transferências Correntes;Transferências de Outras Instituições Públicas;11599839;10891612
Alto Araguaia;2021;Receitas Correntes;Transferências Correntes;Transferências de Instituições Privadas;0;5788
Alto Araguaia;2021;Receitas Correntes;Transferências Correntes;Transferências da União e de SUAS Entidades;27141198;28974026
Alto Araguaia;2021;Receitas Correntes;Transferências Correntes;Transferências dos Estados e do Distrito Federal e de SUAS Entidades;40266258;38753065
Alto Araguaia;2021;Receitas Correntes;Transferências Correntes;Transferências de Pessoas Físicas;6734;5788
Alto Araguaia;2021;Receitas Correntes;Outras Receitas Correntes;Indenizações, Restituições e Ressarcimentos;149574;287823
Alto Araguaia;2021;Receitas Correntes;Outras Receitas Correntes;Demais Receitas Correntes;472265;570280
Alto Araguaia;2021;Receitas Correntes;Outras Receitas Correntes;Multas Administrativas, Contratuais e Judiciais;52240;27158
Alto Araguaia;2021;Receitas de Capital;Operações de Crédito;Internas;3000000;3000000
Alto Araguaia;2021;Receitas de Capital;Alienação de Bens;Bens Móveis;170940;100000
Alto Araguaia;2021;Receitas de Capital;Alienação de Bens;Bens Imóveis;0;34729
Alto Araguaia;2021;Receitas de Capital;Transferências de Capital;Transferências da União e de SUAS Entidades;2503266;4182597
Alto Araguaia;2021;Receitas de Capital;Transferências de Capital;Transferências dos Estados e do Distrito Federal e de SUAS Entidades;651000;771000
Alto Araguaia;2021;Receitas Correntes Intraorçamentárias;Contribuições;Sociais;4738098;4848651
Alto Araguaia;2022;Receitas Correntes;Impostos, Taxas e Contribuições de Melhoria;Impostos;13570779;15487000
Alto Araguaia;2022;Receitas Correntes;Impostos, Taxas e Contribuições de Melhoria;Taxas;1706318;1537500
Alto Araguaia;2022;Receitas Correntes;Impostos, Taxas e Contribuições de Melhoria;Contribuição de Melhoria;0;50000
Alto Araguaia;2022;Receitas Correntes;Contribuições;Sociais;3727547;3657616
Alto Araguaia;2022;Receitas Correntes;Contribuições;Para Custeio de Iluminação Pública;1437142;1200000
Alto Araguaia;2022;Receitas Correntes;Receita Patrimonial;Exploração do Patrimônio Imobiliário do Estado;0;7000
Alto Araguaia;2022;Receitas Correntes;Receita Patrimonial;Valores Mobiliários;3104868;2247682
Alto Araguaia;2022;Receitas Correntes;Receita de Serviços;Serviços Administrativos e Gerais;2209865;3200018
Alto Araguaia;2022;Receitas Correntes;Receita de Serviços;Serviços e Atividades Referentes a Navegação e Transporte;0;13000
Alto Araguaia;2022;Receitas Correntes;Receita de Serviços;Outros Serviços;27893;30500
Alto Araguaia;2022;Receitas Correntes;Transferências Correntes;Transferências de Outras Instituições Públicas;11590188;11000000
Alto Araguaia;2022;Receitas Correntes;Transferências Correntes;Transferências de Instituições Privadas;9464;16000
Alto Araguaia;2022;Receitas Correntes;Transferências Correntes;Transferências da União e de SUAS Entidades;30654513;34929264
Alto Araguaia;2022;Receitas Correntes;Transferências Correntes;Transferências dos Estados e do Distrito Federal e de SUAS Entidades;42351451;42757142
Alto Araguaia;2022;Receitas Correntes;Transferências Correntes;Transferências dos Municípios e SUAS Entidades;277254;0
Alto Araguaia;2022;Receitas Correntes;Outras Receitas Correntes;Indenizações, Restituições e Ressarcimentos;240389;170000
Alto Araguaia;2022;Receitas Correntes;Outras Receitas Correntes;Demais Receitas Correntes;63355;178500
Alto Araguaia;2022;Receitas Correntes;Outras Receitas Correntes;Multas Administrativas, Contratuais e Judiciais;71905;58100
Alto Araguaia;2022;Receitas de Capital;Operações de Crédito;Internas;14000000;12514801
Alto Araguaia;2022;Receitas de Capital;Alienação de Bens;Bens Móveis;0;85000
Alto Araguaia;2022;Receitas de Capital;Alienação de Bens;Bens Imóveis;52000;15000
Alto Araguaia;2022;Receitas de Capital;Transferências de Capital;Transferências da União e de SUAS Entidades;0;1910419
Alto Araguaia;2022;Receitas de Capital;Transferências de Capital;Transferências dos Estados e do Distrito Federal e de SUAS Entidades;10322163;34632617
Alto Araguaia;2022;Receitas Correntes Intraorçamentárias;Contribuições;Sociais;3775546;2552972
Alto Araguaia;2022;Receitas Correntes Intraorçamentárias;Outras Receitas Correntes;Demais Receitas Correntes;1942940;2938538
Alto Araguaia;2023;Receitas Correntes;Impostos, Taxas e Contribuições de Melhoria;Impostos;17674515;17119560
Alto Araguaia;2023;Receitas Correntes;Impostos, Taxas e Contribuições de Melhoria;Taxas;1553630;2909510
Alto Araguaia;2023;Receitas Correntes;Impostos, Taxas e Contribuições de Melhoria;Contribuição de Melhoria;0;53000
Alto Araguaia;2023;Receitas Correntes;Contribuições;Sociais;4217431;4113991
Alto Araguaia;2023;Receitas Correntes;Contribuições;Para Custeio de Iluminação Pública;1695893;1208400
Alto Araguaia;2023;Receitas Correntes;Receita Patrimonial;Exploração do Patrimônio Imobiliário do Estado;16560;7420
Alto Araguaia;2023;Receitas Correntes;Receita Patrimonial;Valores Mobiliários;1805573;2335060
Alto Araguaia;2023;Receitas Correntes;Receita de Serviços;Serviços Administrativos e Gerais;2325025;3210378
Alto Araguaia;2023;Receitas Correntes;Receita de Serviços;Serviços e Atividades Referentes a Navegação e Transporte;0;13780
Alto Araguaia;2023;Receitas Correntes;Receita de Serviços;Outros Serviços;24221;36330
Alto Araguaia;2023;Receitas Correntes;Transferências Correntes;Transferências de Outras Instituições Públicas;12110703;20642366
Alto Araguaia;2023;Receitas Correntes;Transferências Correntes;Transferências de Instituições Privadas;18900;16960
Alto Araguaia;2023;Receitas Correntes;Transferências Correntes;Transferências da União e de SUAS Entidades;34718638;54719043
Alto Araguaia;2023;Receitas Correntes;Transferências Correntes;Transferências dos Estados e do Distrito Federal e de SUAS Entidades;51383513;96730377
Alto Araguaia;2023;Receitas Correntes;Transferências Correntes;Transferências dos Municípios e SUAS Entidades;1016600;1109018
Alto Araguaia;2023;Receitas Correntes;Outras Receitas Correntes;Indenizações, Restituições e Ressarcimentos;333317;406000
Alto Araguaia;2023;Receitas Correntes;Outras Receitas Correntes;Demais Receitas Correntes;495848;603710
Alto Araguaia;2023;Receitas Correntes;Outras Receitas Correntes;Multas Administrativas, Contratuais e Judiciais;80030;96086
Alto Araguaia;2023;Receitas de Capital;Operações de Crédito;Internas;2400000;5400000
Alto Araguaia;2023;Receitas de Capital;Alienação de Bens;Bens Móveis;1046193;1150362
Alto Araguaia;2023;Receitas de Capital;Alienação de Bens;Bens Imóveis;268800;15900
Alto Araguaia;2023;Receitas de Capital;Transferências de Capital;Transferências da União e de SUAS Entidades;1172516;1461812
Alto Araguaia;2023;Receitas de Capital;Transferências de Capital;Transferências dos Estados e do Distrito Federal e de SUAS Entidades;14800000;28380896
Alto Araguaia;2023;Receitas Correntes Intraorçamentárias;Contribuições;Sociais;4256875;4065667
Alto Araguaia;2023;Receitas Correntes Intraorçamentárias;Outras Receitas Correntes;Demais Receitas Correntes;3217620;3206081
Alto Araguaia;2024;Receitas Correntes;Impostos, Taxas e Contribuições de Melhoria;Impostos;19685036;19034282
Alto Araguaia;2024;Receitas Correntes;Impostos, Taxas e Contribuições de Melhoria;Taxas;718452;2799251
Alto Araguaia;2024;Receitas Correntes;Impostos, Taxas e Contribuições de Melhoria;Contribuição de Melhoria;0;56500
Alto Araguaia;2024;Receitas Correntes;Contribuições;Sociais;4761351;4527516
Alto Araguaia;2024;Receitas Correntes;Contribuições;Para Custeio de Iluminação Pública;1688399;1710000
Alto Araguaia;2024;Receitas Correntes;Receita Patrimonial;Exploração do Patrimônio Imobiliário do Estado;0;27420
Alto Araguaia;2024;Receitas Correntes;Receita Patrimonial;Valores Mobiliários;17961995;1673366
Alto Araguaia;2024;Receitas Correntes;Receita de Serviços;Serviços Administrativos e Gerais;56530;587860
Alto Araguaia;2024;Receitas Correntes;Receita de Serviços;Serviços e Atividades Referentes a Navegação e Transporte;0;13780
Alto Araguaia;2024;Receitas Correntes;Receita de Serviços;Outros Serviços;3178323;3728330
Alto Araguaia;2024;Receitas Correntes;Transferências Correntes;Transferências de Outras Instituições Públicas;13220866;15173394
Alto Araguaia;2024;Receitas Correntes;Transferências Correntes;Transferências de Instituições Privadas;20797;16960
Alto Araguaia;2024;Receitas Correntes;Transferências Correntes;Transferências da União e de SUAS Entidades;48693190;65186131
Alto Araguaia;2024;Receitas Correntes;Transferências Correntes;Transferências dos Estados e do Distrito Federal e de SUAS Entidades;49442982;99680735
Alto Araguaia;2024;Receitas Correntes;Transferências Correntes;Transferências dos Municípios e SUAS Entidades;1016600;1220000
Alto Araguaia;2024;Receitas Correntes;Outras Receitas Correntes;Indenizações, Restituições e Ressarcimentos;1368682;387300
Alto Araguaia;2024;Receitas Correntes;Outras Receitas Correntes;Demais Receitas Correntes;834527;661710
Alto Araguaia;2024;Receitas Correntes;Outras Receitas Correntes;Multas Administrativas, Contratuais e Judiciais;52873;85086
Alto Araguaia;2024;Receitas de Capital;Operações de Crédito;Internas;600000;600000
Alto Araguaia;2024;Receitas de Capital;Alienação de Bens;Bens Móveis;519721;815600
Alto Araguaia;2024;Receitas de Capital;Alienação de Bens;Bens Imóveis;0;15900
Alto Araguaia;2024;Receitas de Capital;Transferências de Capital;Transferências da União e de SUAS Entidades;0;570000
Alto Araguaia;2024;Receitas de Capital;Transferências de Capital;Transferências dos Estados e do Distrito Federal e de SUAS Entidades;6253398;18900000
Alto Araguaia;2024;Receitas Correntes Intraorçamentárias;Contribuições;Sociais;4357724;4212888
Alto Araguaia;2024;Receitas Correntes Intraorçamentárias;Outras Receitas Correntes;Demais Receitas Correntes;4744887;3833696
Alto Araguaia;2025;Receitas Correntes;Impostos, Taxas e Contribuições de Melhoria;Impostos;16863878;19905226
Alto Araguaia;2025;Receitas Correntes;Impostos, Taxas e Contribuições de Melhoria;Taxas;827220;1858287
Alto Araguaia;2025;Receitas Correntes;Impostos, Taxas e Contribuições de Melhoria;Contribuição de Melhoria;0;63051
Alto Araguaia;2025;Receitas Correntes;Contribuições;Sociais;5337992;5003995
Alto Araguaia;2025;Receitas Correntes;Contribuições;Para Custeio de Iluminação Pública;1802563;2184601
Alto Araguaia;2025;Receitas Correntes;Receita Patrimonial;Exploração do Patrimônio Imobiliário do Estado;0;28337
Alto Araguaia;2025;Receitas Correntes;Receita Patrimonial;Valores Mobiliários;13086647;669913
Alto Araguaia;2025;Receitas Correntes;Receita de Serviços;Serviços Administrativos e Gerais;0;3220991
Alto Araguaia;2025;Receitas Correntes;Receita de Serviços;Serviços e Atividades Referentes a Navegação e Transporte;0;15483
Alto Araguaia;2025;Receitas Correntes;Receita de Serviços;Outros Serviços;3896334;3736326
Alto Araguaia;2025;Receitas Correntes;Transferências Correntes;Transferências de Outras Instituições Públicas;14860216;17956561
Alto Araguaia;2025;Receitas Correntes;Transferências Correntes;Transferências de Instituições Privadas;21096;19056
Alto Araguaia;2025;Receitas Correntes;Transferências Correntes;Transferências da União e de SUAS Entidades;39838568;52205199
Alto Araguaia;2025;Receitas Correntes;Transferências Correntes;Transferências dos Estados e do Distrito Federal e de SUAS Entidades;53801223;115870141
Alto Araguaia;2025;Receitas Correntes;Transferências Correntes;Transferências dos Municípios e SUAS Entidades;1204509;1250000
Alto Araguaia;2025;Receitas Correntes;Outras Receitas Correntes;Indenizações, Restituições e Ressarcimentos;907013;370914
Alto Araguaia;2025;Receitas Correntes;Outras Receitas Correntes;Demais Receitas Correntes;214552;667444
Alto Araguaia;2025;Receitas Correntes;Outras Receitas Correntes;Multas Administrativas, Contratuais e Judiciais;1854521;103698
Alto Araguaia;2025;Receitas de Capital;Alienação de Bens;Bens Móveis;302258;677135
Alto Araguaia;2025;Receitas de Capital;Alienação de Bens;Bens Imóveis;0;17865
Alto Araguaia;2025;Receitas de Capital;Transferências de Capital;Transferências da União e de SUAS Entidades;10299968;3646896
Alto Araguaia;2025;Receitas de Capital;Transferências de Capital;Transferências dos Estados e do Distrito Federal e de SUAS Entidades;5915086;8516453
Alto Araguaia;2025;Receitas Correntes Intraorçamentárias;Contribuições;Sociais;5072679;4768129
Alto Araguaia;2025;Receitas Correntes Intraorçamentárias;Outras Receitas Correntes;Demais Receitas Correntes;4187586;5481173
Alto Araguaia;2026;Receitas Correntes;Impostos, Taxas e Contribuições de Melhoria;Impostos;11178156;30283806
Alto Araguaia;2026;Receitas Correntes;Impostos, Taxas e Contribuições de Melhoria;Taxas;1131025;1856500
Alto Araguaia;2026;Receitas Correntes;Impostos, Taxas e Contribuições de Melhoria;Contribuição de Melhoria;0;5500
Alto Araguaia;2026;Receitas Correntes;Contribuições;Sociais;3414118;6094403
Alto Araguaia;2026;Receitas Correntes;Contribuições;Para Custeio de Iluminação Pública;1241203;1994630
Alto Araguaia;2026;Receitas Correntes;Receita Patrimonial;Exploração do Patrimônio Imobiliário do Estado;0;14000
Alto Araguaia;2026;Receitas Correntes;Receita Patrimonial;Valores Mobiliários;6323757;4721577
Alto Araguaia;2026;Receitas Correntes;Receita de Serviços;Serviços Administrativos e Gerais;0;126860
Alto Araguaia;2026;Receitas Correntes;Receita de Serviços;Serviços e Atividades Referentes a Navegação e Transporte;0;2500
Alto Araguaia;2026;Receitas Correntes;Receita de Serviços;Serviços e Atividades Financeiras;586;0
Alto Araguaia;2026;Receitas Correntes;Receita de Serviços;Outros Serviços;2559239;6876710
Alto Araguaia;2026;Receitas Correntes;Transferências Correntes;Transferências de Outras Instituições Públicas;8822540;17110788
Alto Araguaia;2026;Receitas Correntes;Transferências Correntes;Transferências de Instituições Privadas;17546;130000
Alto Araguaia;2026;Receitas Correntes;Transferências Correntes;Transferências da União e de SUAS Entidades;26242780;54113050
Alto Araguaia;2026;Receitas Correntes;Transferências Correntes;Transferências dos Estados e do Distrito Federal e de SUAS Entidades;27935534;54877938
Alto Araguaia;2026;Receitas Correntes;Transferências Correntes;Transferências dos Municípios e SUAS Entidades;710000;1995000
Alto Araguaia;2026;Receitas Correntes;Outras Receitas Correntes;Indenizações, Restituições e Ressarcimentos;287204;260300
Alto Araguaia;2026;Receitas Correntes;Outras Receitas Correntes;Demais Receitas Correntes;752649;617000
Alto Araguaia;2026;Receitas Correntes;Outras Receitas Correntes;Multas Administrativas, Contratuais e Judiciais;19731;76500
Alto Araguaia;2026;Receitas de Capital;Alienação de Bens;Bens Móveis;0;950000
Alto Araguaia;2026;Receitas de Capital;Alienação de Bens;Bens Imóveis;213600;50000
Alto Araguaia;2026;Receitas de Capital;Transferências de Capital;Transferências da União e de SUAS Entidades;536772;5943442
Alto Araguaia;2026;Receitas de Capital;Transferências de Capital;Transferências dos Estados e do Distrito Federal e de SUAS Entidades;2658904;12050000
Alto Araguaia;2026;Receitas Correntes Intraorçamentárias;Contribuições;Sociais;3924289;6465348
Alto Araguaia;2026;Receitas Correntes Intraorçamentárias;Outras Receitas Correntes;Demais Receitas Correntes;3549203;7257200
Arenápolis;2021;Receitas Correntes;Impostos, Taxas e Contribuições de Melhoria;Impostos;3044465;2457174
Arenápolis;2021;Receitas Correntes;Impostos, Taxas e Contribuições de Melhoria;Taxas;313230;316430
Arenápolis;2021;Receitas Correntes;Contribuições;Para Custeio de Iluminação Pública;448644;700000
Arenápolis;2021;Receitas Correntes;Receita Patrimonial;Valores Mobiliários;194958;28382
Arenápolis;2021;Receitas Correntes;Transferências Correntes;Transferências de Outras Instituições Públicas;7149800;5771900
Arenápolis;2021;Receitas Correntes;Transferências Correntes;Transferências da União e de SUAS Entidades;13988781;12468965
Arenápolis;2021;Receitas Correntes;Transferências Correntes;Transferências dos Estados e do Distrito Federal e de SUAS Entidades;15324829;13506841
Arenápolis;2021;Receitas Correntes;Transferências Correntes;Transferências dos Municípios e SUAS Entidades;1388882;1229967
Arenápolis;2021;Receitas Correntes;Outras Receitas Correntes;Indenizações, Restituições e Ressarcimentos;15628;21700
Arenápolis;2021;Receitas Correntes;Outras Receitas Correntes;Demais Receitas Correntes;136371;30500
Arenápolis;2021;Receitas de Capital;Alienação de Bens;Bens Móveis;0;10000
Arenápolis;2021;Receitas de Capital;Alienação de Bens;Bens Imóveis;0;10000
Arenápolis;2021;Receitas de Capital;Transferências de Capital;Transferências da União e de SUAS Entidades;650000;3040000
Arenápolis;2021;Receitas de Capital;Transferências de Capital;Transferências dos Estados e do Distrito Federal e de SUAS Entidades;3759042;2693194
Arenápolis;2022;Receitas Correntes;Impostos, Taxas e Contribuições de Melhoria;Impostos;3958732;3742289
Arenápolis;2022;Receitas Correntes;Impostos, Taxas e Contribuições de Melhoria;Taxas;368990;327140
Arenápolis;2022;Receitas Correntes;Contribuições;Para Custeio de Iluminação Pública;833945;900000
Arenápolis;2022;Receitas Correntes;Receita Patrimonial;Valores Mobiliários;1326997;235900
Arenápolis;2022;Receitas Correntes;Transferências Correntes;Transferências de Outras Instituições Públicas;7194835;6961783
Arenápolis;2022;Receitas Correntes;Transferências Correntes;Transferências da União e de SUAS Entidades;17431741;17305023
Arenápolis;2022;Receitas Correntes;Transferências Correntes;Transferências dos Estados e do Distrito Federal e de SUAS Entidades;18066971;17292789
Arenápolis;2022;Receitas Correntes;Transferências Correntes;Transferências dos Municípios e SUAS Entidades;2124985;2571250
Arenápolis;2022;Receitas Correntes;Outras Receitas Correntes;Indenizações, Restituições e Ressarcimentos;534707;438600
Arenápolis;2022;Receitas Correntes;Outras Receitas Correntes;Demais Receitas Correntes;113670;60000
Arenápolis;2022;Receitas de Capital;Alienação de Bens;Bens Móveis;441600;395000
Arenápolis;2022;Receitas de Capital;Alienação de Bens;Bens Imóveis;0;25000
Arenápolis;2022;Receitas de Capital;Transferências de Capital;Transferências da União e de SUAS Entidades;1359960;1700000
Arenápolis;2022;Receitas de Capital;Transferências de Capital;Transferências dos Estados e do Distrito Federal e de SUAS Entidades;16843607;20456357
Arenápolis;2023;Receitas Correntes;Impostos, Taxas e Contribuições de Melhoria;Impostos;5125851;3888931
Arenápolis;2023;Receitas Correntes;Impostos, Taxas e Contribuições de Melhoria;Taxas;360834;514620
Arenápolis;2023;Receitas Correntes;Contribuições;Para Custeio de Iluminação Pública;1081994;1066814
Arenápolis;2023;Receitas Correntes;Receita Patrimonial;Exploração do Patrimônio Imobiliário do Estado;16000;0
Arenápolis;2023;Receitas Correntes;Receita Patrimonial;Valores Mobiliários;1394609;349437
Arenápolis;2023;Receitas Correntes;Transferências Correntes;Transferências de Outras Instituições Públicas;8693130;9166603
Arenápolis;2023;Receitas Correntes;Transferências Correntes;Transferências da União e de SUAS Entidades;20390532;20146881
Arenápolis;2023;Receitas Correntes;Transferências Correntes;Transferências dos Estados e do Distrito Federal e de SUAS Entidades;15842025;14598493
Arenápolis;2023;Receitas Correntes;Transferências Correntes;Transferências dos Municípios e SUAS Entidades;634384;634450
Arenápolis;2023;Receitas Correntes;Outras Receitas Correntes;Indenizações, Restituições e Ressarcimentos;1981178;35000
Arenápolis;2023;Receitas Correntes;Outras Receitas Correntes;Demais Receitas Correntes;375291;340000
Arenápolis;2023;Receitas de Capital;Alienação de Bens;Bens Móveis;647600;277963
Arenápolis;2023;Receitas de Capital;Alienação de Bens;Bens Imóveis;0;10000
Arenápolis;2023;Receitas de Capital;Transferências de Capital;Transferências da União e de SUAS Entidades;303453;300000
Arenápolis;2023;Receitas de Capital;Transferências de Capital;Transferências dos Estados e do Distrito Federal e de SUAS Entidades;7515204;9699731
Arenápolis;2024;Receitas Correntes;Impostos, Taxas e Contribuições de Melhoria;Impostos;6158400;5945487
Arenápolis;2024;Receitas Correntes;Impostos, Taxas e Contribuições de Melhoria;Taxas;384364;320220
Arenápolis;2024;Receitas Correntes;Contribuições;Para Custeio de Iluminação Pública;1255049;1212571
Arenápolis;2024;Receitas Correntes;Receita Patrimonial;Exploração do Patrimônio Imobiliário do Estado;43155;11026
Arenápolis;2024;Receitas Correntes;Receita Patrimonial;Valores Mobiliários;1383494;358692
Arenápolis;2024;Receitas Correntes;Receita Patrimonial;Cessão de Direitos;157000;139746
Arenápolis;2024;Receitas Correntes;Transferências Correntes;Transferências de Outras Instituições Públicas;9670774;9588401
Arenápolis;2024;Receitas Correntes;Transferências Correntes;Transferências da União e de SUAS Entidades;24231835;22836476
Arenápolis;2024;Receitas Correntes;Transferências Correntes;Transferências dos Estados e do Distrito Federal e de SUAS Entidades;22930607;22468550
Arenápolis;2024;Receitas Correntes;Transferências Correntes;Transferências dos Municípios e SUAS Entidades;621589;764585
Arenápolis;2024;Receitas Correntes;Outras Receitas Correntes;Indenizações, Restituições e Ressarcimentos;1080341;1091830
Arenápolis;2024;Receitas Correntes;Outras Receitas Correntes;Demais Receitas Correntes;125267;30000
Arenápolis;2024;Receitas de Capital;Alienação de Bens;Bens Móveis;89200;89000
Arenápolis;2024;Receitas de Capital;Alienação de Bens;Bens Imóveis;520000;520000
Arenápolis;2024;Receitas de Capital;Transferências de Capital;Transferências da União e de SUAS Entidades;0;100000
Arenápolis;2024;Receitas de Capital;Transferências de Capital;Transferências dos Estados e do Distrito Federal e de SUAS Entidades;1221566;4739633
Arenápolis;2025;Receitas Correntes;Impostos, Taxas e Contribuições de Melhoria;Impostos;7497493;6476911
Arenápolis;2025;Receitas Correntes;Impostos, Taxas e Contribuições de Melhoria;Taxas;365470;383880
Arenápolis;2025;Receitas Correntes;Contribuições;Para Custeio de Iluminação Pública;1311940;1320000
Arenápolis;2025;Receitas Correntes;Receita Patrimonial;Exploração do Patrimônio Imobiliário do Estado;53341;24000
Arenápolis;2025;Receitas Correntes;Receita Patrimonial;Valores Mobiliários;1803830;477383
Arenápolis;2025;Receitas Correntes;Transferências Correntes;Transferências de Outras Instituições Públicas;11365232;11237269
Arenápolis;2025;Receitas Correntes;Transferências Correntes;Transferências da União e de SUAS Entidades;27576690;25770946
Arenápolis;2025;Receitas Correntes;Transferências Correntes;Transferências dos Estados e do Distrito Federal e de SUAS Entidades;28917692;27334684
Arenápolis;2025;Receitas Correntes;Transferências Correntes;Transferências dos Municípios e SUAS Entidades;963040;954774
Arenápolis;2025;Receitas Correntes;Outras Receitas Correntes;Indenizações, Restituições e Ressarcimentos;2942583;2937042
Arenápolis;2025;Receitas Correntes;Outras Receitas Correntes;Demais Receitas Correntes;219469;153624
Arenápolis;2025;Receitas de Capital;Operações de Crédito;Internas;4403633;5600000
Arenápolis;2025;Receitas de Capital;Alienação de Bens;Bens Móveis;0;5000
Arenápolis;2025;Receitas de Capital;Alienação de Bens;Bens Imóveis;0;5000
Arenápolis;2025;Receitas de Capital;Transferências de Capital;Transferências da União e de SUAS Entidades;1980000;100000
Arenápolis;2025;Receitas de Capital;Transferências de Capital;Transferências dos Estados e do Distrito Federal e de SUAS Entidades;3518067;3518066
Arenápolis;2026;Receitas Correntes;Impostos, Taxas e Contribuições de Melhoria;Impostos;4678904;6408690
Arenápolis;2026;Receitas Correntes;Impostos, Taxas e Contribuições de Melhoria;Taxas;341555;298190
Arenápolis;2026;Receitas Correntes;Contribuições;Para Custeio de Iluminação Pública;832642;1350000
Arenápolis;2026;Receitas Correntes;Receita Patrimonial;Exploração do Patrimônio Imobiliário do Estado;14750;20000
Arenápolis;2026;Receitas Correntes;Receita Patrimonial;Valores Mobiliários;1338019;492193
Arenápolis;2026;Receitas Correntes;Transferências Correntes;Transferências de Outras Instituições Públicas;8639206;11988744
Arenápolis;2026;Receitas Correntes;Transferências Correntes;Transferências da União e de SUAS Entidades;17057544;29451303
Arenápolis;2026;Receitas Correntes;Transferências Correntes;Transferências dos Estados e do Distrito Federal e de SUAS Entidades;19351645;26083167
Arenápolis;2026;Receitas Correntes;Transferências Correntes;Transferências dos Municípios e SUAS Entidades;502715;772824
Arenápolis;2026;Receitas Correntes;Outras Receitas Correntes;Indenizações, Restituições e Ressarcimentos;2112560;2063428
Arenápolis;2026;Receitas Correntes;Outras Receitas Correntes;Demais Receitas Correntes;70876;70000
Arenápolis;2026;Receitas de Capital;Alienação de Bens;Bens Móveis;0;10000
Arenápolis;2026;Receitas de Capital;Alienação de Bens;Bens Imóveis;0;10000
Arenápolis;2026;Receitas de Capital;Transferências de Capital;Transferências dos Estados e do Distrito Federal e de SUAS Entidades;4531060;7212746
Canarana;2021;Receitas Correntes;Impostos, Taxas e Contribuições de Melhoria;Impostos;28572564;52488294
Canarana;2021;Receitas Correntes;Impostos, Taxas e Contribuições de Melhoria;Taxas;2060243;894230
Canarana;2021;Receitas Correntes;Impostos, Taxas e Contribuições de Melhoria;Contribuição de Melhoria;201705;378082
Canarana;2021;Receitas Correntes;Contribuições;Sociais;3224125;2831186
Canarana;2021;Receitas Correntes;Contribuições;Para Custeio de Iluminação Pública;1973089;818124
Canarana;2021;Receitas Correntes;Receita Patrimonial;Valores Mobiliários;2542561;3485600
Canarana;2021;Receitas Correntes;Receita de Serviços;Serviços Administrativos e Gerais;6509;40517
Canarana;2021;Receitas Correntes;Transferências Correntes;Transferências de Outras Instituições Públicas;17730158;13000000
Canarana;2021;Receitas Correntes;Transferências Correntes;Transferências da União e de SUAS Entidades;31195368;24267599
Canarana;2021;Receitas Correntes;Transferências Correntes;Transferências dos Estados e do Distrito Federal e de SUAS Entidades;43765513;29267437
Canarana;2021;Receitas Correntes;Outras Receitas Correntes;Indenizações, Restituições e Ressarcimentos;144220;22050
Canarana;2021;Receitas Correntes;Outras Receitas Correntes;Demais Receitas Correntes;48129;100000
Canarana;2021;Receitas Correntes;Outras Receitas Correntes;Multas Administrativas, Contratuais e Judiciais;38226;0
Canarana;2021;Receitas de Capital;Operações de Crédito;Internas;2384861;2318526
Canarana;2021;Receitas de Capital;Alienação de Bens;Bens Intangíveis;841372;0
Canarana;2021;Receitas de Capital;Transferências de Capital;Transferências da União e de SUAS Entidades;3172551;1215031
Canarana;2021;Receitas de Capital;Transferências de Capital;Transferências dos Estados e do Distrito Federal e de SUAS Entidades;3024656;3483981
Canarana;2021;Receitas Correntes Intraorçamentárias;Contribuições;Sociais;3617544;4570250
Canarana;2021;Receitas Correntes Intraorçamentárias;Outras Receitas Correntes;Demais Receitas Correntes;1568833;847000
Canarana;2022;Receitas Correntes;Impostos, Taxas e Contribuições de Melhoria;Impostos;32843038;45302958
Canarana;2022;Receitas Correntes;Impostos, Taxas e Contribuições de Melhoria;Taxas;3396698;1584450
Canarana;2022;Receitas Correntes;Impostos, Taxas e Contribuições de Melhoria;Contribuição de Melhoria;3885;204750
Canarana;2022;Receitas Correntes;Contribuições;Sociais;4039165;3211674
Canarana;2022;Receitas Correntes;Contribuições;Econômicas;56819;52500
Canarana;2022;Receitas Correntes;Contribuições;Para Custeio de Iluminação Pública;2527555;2264879
Canarana;2022;Receitas Correntes;Receita Patrimonial;Exploração do Patrimônio Imobiliário do Estado;179;0
Canarana;2022;Receitas Correntes;Receita Patrimonial;Valores Mobiliários;1089779;3684150
Canarana;2022;Receitas Correntes;Receita de Serviços;Serviços Administrativos e Gerais;0;71191
Canarana;2022;Receitas Correntes;Transferências Correntes;Transferências de Outras Instituições Públicas;18492536;15576118
Canarana;2022;Receitas Correntes;Transferências Correntes;Transferências da União e de SUAS Entidades;39008072;35032516
Canarana;2022;Receitas Correntes;Transferências Correntes;Transferências dos Estados e do Distrito Federal e de SUAS Entidades;51059394;62672511
Canarana;2022;Receitas Correntes;Outras Receitas Correntes;Indenizações, Restituições e Ressarcimentos;180658;29400
Canarana;2022;Receitas Correntes;Outras Receitas Correntes;Demais Receitas Correntes;105153;157500
Canarana;2022;Receitas Correntes;Outras Receitas Correntes;Bens, Direitos e Valores Incorporados ao Patrimônio Público;12901;0
Canarana;2022;Receitas de Capital;Operações de Crédito;Internas;0;10500
Canarana;2022;Receitas de Capital;Alienação de Bens;Bens Móveis;445200;0
Canarana;2022;Receitas de Capital;Transferências de Capital;Transferências da União e de SUAS Entidades;2058965;1913500
Canarana;2022;Receitas de Capital;Transferências de Capital;Transferências dos Estados e do Distrito Federal e de SUAS Entidades;3778798;1913314
Canarana;2022;Receitas Correntes Intraorçamentárias;Contribuições;Sociais;3290603;3923529
Canarana;2022;Receitas Correntes Intraorçamentárias;Outras Receitas Correntes;Demais Receitas Correntes;1343003;1527750
Canarana;2023;Receitas Correntes;Impostos, Taxas e Contribuições de Melhoria;Impostos;48061459;63293469
Canarana;2023;Receitas Correntes;Impostos, Taxas e Contribuições de Melhoria;Taxas;4923181;2094520
Canarana;2023;Receitas Correntes;Impostos, Taxas e Contribuições de Melhoria;Contribuição de Melhoria;244028;219083
Canarana;2023;Receitas Correntes;Contribuições;Sociais;4250317;3372257
Canarana;2023;Receitas Correntes;Contribuições;Econômicas;63436;56175
Canarana;2023;Receitas Correntes;Contribuições;Para Custeio de Iluminação Pública;2744710;2665763
Canarana;2023;Receitas Correntes;Receita Patrimonial;Exploração do Patrimônio Imobiliário do Estado;322301;0
Canarana;2023;Receitas Correntes;Receita Patrimonial;Valores Mobiliários;1378167;3868584
Canarana;2023;Receitas Correntes;Receita de Serviços;Serviços Administrativos e Gerais;46050;76175
Canarana;2023;Receitas Correntes;Transferências Correntes;Transferências de Outras Instituições Públicas;20884617;21409166
Canarana;2023;Receitas Correntes;Transferências Correntes;Transferências da União e de SUAS Entidades;61750893;64026143
Canarana;2023;Receitas Correntes;Transferências Correntes;Transferências dos Estados e do Distrito Federal e de SUAS Entidades;62104237;63308174
Canarana;2023;Receitas Correntes;Outras Receitas Correntes;Indenizações, Restituições e Ressarcimentos;419251;551023
Canarana;2023;Receitas Correntes;Outras Receitas Correntes;Demais Receitas Correntes;113098;165375
Canarana;2023;Receitas de Capital;Operações de Crédito;Internas;335406;11235
Canarana;2023;Receitas de Capital;Transferências de Capital;Transferências da União e de SUAS Entidades;2700000;3127620
Canarana;2023;Receitas de Capital;Transferências de Capital;Transferências dos Estados e do Distrito Federal e de SUAS Entidades;24204613;974100
Canarana;2023;Receitas Correntes Intraorçamentárias;Contribuições;Sociais;5118996;4119706
Canarana;2023;Receitas Correntes Intraorçamentárias;Outras Receitas Correntes;Demais Receitas Correntes;1741160;1604138
Canarana;2024;Receitas Correntes;Impostos, Taxas e Contribuições de Melhoria;Impostos;48011082;46744412
Canarana;2024;Receitas Correntes;Impostos, Taxas e Contribuições de Melhoria;Taxas;7481104;2057086
Canarana;2024;Receitas Correntes;Impostos, Taxas e Contribuições de Melhoria;Contribuição de Melhoria;75807;243182
Canarana;2024;Receitas Correntes;Contribuições;Sociais;5567913;3540870
Canarana;2024;Receitas Correntes;Contribuições;Econômicas;125169;62354
Canarana;2024;Receitas Correntes;Contribuições;Para Custeio de Iluminação Pública;3735139;2932339
Canarana;2024;Receitas Correntes;Receita Patrimonial;Valores Mobiliários;1664238;4074391
Canarana;2024;Receitas Correntes;Receita de Serviços;Serviços Administrativos e Gerais;252785;84554
Canarana;2024;Receitas Correntes;Transferências Correntes;Transferências de Outras Instituições Públicas;25627820;23550082
Canarana;2024;Receitas Correntes;Transferências Correntes;Transferências da União e de SUAS Entidades;54185612;58071112
Canarana;2024;Receitas Correntes;Transferências Correntes;Transferências dos Estados e do Distrito Federal e de SUAS Entidades;88716758;62248813
Canarana;2024;Receitas Correntes;Outras Receitas Correntes;Indenizações, Restituições e Ressarcimentos;352447;34829
Canarana;2024;Receitas Correntes;Outras Receitas Correntes;Demais Receitas Correntes;171279;173644
Canarana;2024;Receitas Correntes;Outras Receitas Correntes;Bens, Direitos e Valores Incorporados ao Patrimônio Público;642639;0
Canarana;2024;Receitas de Capital;Operações de Crédito;Internas;590806;12471
Canarana;2024;Receitas de Capital;Alienação de Bens;Bens Imóveis;7168753;18051836
Canarana;2024;Receitas de Capital;Transferências de Capital;Transferências da União e de SUAS Entidades;1575261;2056782
Canarana;2024;Receitas de Capital;Transferências de Capital;Transferências dos Estados e do Distrito Federal e de SUAS Entidades;4864416;53578743
Canarana;2024;Receitas Correntes Intraorçamentárias;Contribuições;Sociais;4308991;4325691
Canarana;2024;Receitas Correntes Intraorçamentárias;Outras Receitas Correntes;Demais Receitas Correntes;512793;1684344
Canarana;2025;Receitas Correntes;Impostos, Taxas e Contribuições de Melhoria;Impostos;47820354;56155675
Canarana;2025;Receitas Correntes;Impostos, Taxas e Contribuições de Melhoria;Taxas;3249944;2304836
Canarana;2025;Receitas Correntes;Impostos, Taxas e Contribuições de Melhoria;Contribuição de Melhoria;804395;294031
Canarana;2025;Receitas Correntes;Contribuições;Sociais;8362048;3717914
Canarana;2025;Receitas Correntes;Contribuições;Econômicas;272483;75393
Canarana;2025;Receitas Correntes;Contribuições;Para Custeio de Iluminação Pública;3455128;3252476
Canarana;2025;Receitas Correntes;Receita Patrimonial;Exploração do Patrimônio Imobiliário do Estado;967;0
Canarana;2025;Receitas Correntes;Receita Patrimonial;Valores Mobiliários;2452512;4280669
Canarana;2025;Receitas Correntes;Receita de Serviços;Serviços Administrativos e Gerais;42773;102234
Canarana;2025;Receitas Correntes;Transferências Correntes;Transferências de Outras Instituições Públicas;34699717;33825955
Canarana;2025;Receitas Correntes;Transferências Correntes;Transferências da União e de SUAS Entidades;49055294;52826878
Canarana;2025;Receitas Correntes;Transferências Correntes;Transferências dos Estados e do Distrito Federal e de SUAS Entidades;75819283;69993576
Canarana;2025;Receitas Correntes;Outras Receitas Correntes;Indenizações, Restituições e Ressarcimentos;216866;41927
Canarana;2025;Receitas Correntes;Outras Receitas Correntes;Demais Receitas Correntes;90930;182326
Canarana;2025;Receitas Correntes;Outras Receitas Correntes;Bens, Direitos e Valores Incorporados ao Patrimônio Público;1787032;0
Canarana;2025;Receitas de Capital;Operações de Crédito;Internas;19102489;15079
Canarana;2025;Receitas de Capital;Alienação de Bens;Bens Imóveis;1071583;28561597
Canarana;2025;Receitas de Capital;Transferências de Capital;Transferências da União e de SUAS Entidades;6165568;8579441
Canarana;2025;Receitas de Capital;Transferências de Capital;Transferências dos Estados e do Distrito Federal e de SUAS Entidades;5879970;1174780
Canarana;2025;Receitas Correntes Intraorçamentárias;Contribuições;Sociais;8502092;4541976
Canarana;2025;Receitas Correntes Intraorçamentárias;Outras Receitas Correntes;Demais Receitas Correntes;4880458;1768562
Canarana;2026;Receitas Correntes;Impostos, Taxas e Contribuições de Melhoria;Impostos;30221757;50275317
Canarana;2026;Receitas Correntes;Impostos, Taxas e Contribuições de Melhoria;Taxas;3587189;4970225
Canarana;2026;Receitas Correntes;Impostos, Taxas e Contribuições de Melhoria;Contribuição de Melhoria;239756;1200950
Canarana;2026;Receitas Correntes;Contribuições;Sociais;1630320;6216000
Canarana;2026;Receitas Correntes;Contribuições;Econômicas;108283;230000
Canarana;2026;Receitas Correntes;Contribuições;Para Custeio de Iluminação Pública;2474740;3460000
Canarana;2026;Receitas Correntes;Receita Patrimonial;Valores Mobiliários;2263397;2698550
Canarana;2026;Receitas Correntes;Receita de Serviços;Serviços Administrativos e Gerais;0;75000
Canarana;2026;Receitas Correntes;Transferências Correntes;Transferências de Outras Instituições Públicas;24383319;35000000
Canarana;2026;Receitas Correntes;Transferências Correntes;Transferências da União e de SUAS Entidades;44340923;52654162
Canarana;2026;Receitas Correntes;Transferências Correntes;Transferências dos Estados e do Distrito Federal e de SUAS Entidades;58835781;104974973
Canarana;2026;Receitas Correntes;Outras Receitas Correntes;Indenizações, Restituições e Ressarcimentos;7110;39850
Canarana;2026;Receitas Correntes;Outras Receitas Correntes;Demais Receitas Correntes;141584;210000
Canarana;2026;Receitas Correntes;Outras Receitas Correntes;Bens, Direitos e Valores Incorporados ao Patrimônio Público;266283;0
Canarana;2026;Receitas de Capital;Operações de Crédito;Internas;206086;50000
Canarana;2026;Receitas de Capital;Alienação de Bens;Bens Imóveis;375645;0
Canarana;2026;Receitas de Capital;Transferências de Capital;Transferências da União e de SUAS Entidades;1891685;5517890
Canarana;2026;Receitas de Capital;Transferências de Capital;Transferências dos Estados e do Distrito Federal e de SUAS Entidades;1744506;6192667
Canarana;2026;Receitas Correntes Intraorçamentárias;Contribuições;Sociais;3181982;8464050
Canarana;2026;Receitas Correntes Intraorçamentárias;Outras Receitas Correntes;Demais Receitas Correntes;1046403;3370500
Ribeirão Cascalheira;2021;Receitas Correntes;Impostos, Taxas e Contribuições de Melhoria;Impostos;4924447;8818757
Ribeirão Cascalheira;2021;Receitas Correntes;Impostos, Taxas e Contribuições de Melhoria;Taxas;342856;950194
Ribeirão Cascalheira;2021;Receitas Correntes;Impostos, Taxas e Contribuições de Melhoria;Contribuição de Melhoria;0;259943
Ribeirão Cascalheira;2021;Receitas Correntes;Contribuições;Sociais;956755;756552
Ribeirão Cascalheira;2021;Receitas Correntes;Contribuições;Para Custeio de Iluminação Pública;0;34107
Ribeirão Cascalheira;2021;Receitas Correntes;Receita Patrimonial;Valores Mobiliários;365806;195714
Ribeirão Cascalheira;2021;Receitas Correntes;Receita de Serviços;Outros Serviços;432665;549623
Ribeirão Cascalheira;2021;Receitas Correntes;Transferências Correntes;Transferências de Outras Instituições Públicas;9513981;5250255
Ribeirão Cascalheira;2021;Receitas Correntes;Transferências Correntes;Transferências da União e de SUAS Entidades;15036908;12551992
Ribeirão Cascalheira;2021;Receitas Correntes;Transferências Correntes;Transferências dos Estados e do Distrito Federal e de SUAS Entidades;18483038;11883886
Ribeirão Cascalheira;2021;Receitas Correntes;Outras Receitas Correntes;Indenizações, Restituições e Ressarcimentos;3642;251104
Ribeirão Cascalheira;2021;Receitas Correntes;Outras Receitas Correntes;Demais Receitas Correntes;86053;424327
Ribeirão Cascalheira;2021;Receitas de Capital;Transferências de Capital;Transferências da União e de SUAS Entidades;0;911392
Ribeirão Cascalheira;2021;Receitas de Capital;Transferências de Capital;Transferências dos Estados e do Distrito Federal e de SUAS Entidades;700000;756576
Ribeirão Cascalheira;2021;Receitas Correntes Intraorçamentárias;Contribuições;Sociais;3067057;505000
Ribeirão Cascalheira;2022;Receitas Correntes;Impostos, Taxas e Contribuições de Melhoria;Impostos;7719981;4077075
Ribeirão Cascalheira;2022;Receitas Correntes;Impostos, Taxas e Contribuições de Melhoria;Taxas;268051;557331
Ribeirão Cascalheira;2022;Receitas Correntes;Impostos, Taxas e Contribuições de Melhoria;Contribuição de Melhoria;0;254802
Ribeirão Cascalheira;2022;Receitas Correntes;Contribuições;Sociais;1281993;981000
Ribeirão Cascalheira;2022;Receitas Correntes;Receita Patrimonial;Valores Mobiliários;1779686;227030
Ribeirão Cascalheira;2022;Receitas Correntes;Receita de Serviços;Outros Serviços;331017;707104
Ribeirão Cascalheira;2022;Receitas Correntes;Transferências Correntes;Transferências de Outras Instituições Públicas;11173290;13609106
Ribeirão Cascalheira;2022;Receitas Correntes;Transferências Correntes;Transferências da União e de SUAS Entidades;21622260;23807920
Ribeirão Cascalheira;2022;Receitas Correntes;Transferências Correntes;Transferências dos Estados e do Distrito Federal e de SUAS Entidades;18952338;21129015
Ribeirão Cascalheira;2022;Receitas Correntes;Transferências Correntes;Transferências dos Municípios e SUAS Entidades;4084921;1050994
Ribeirão Cascalheira;2022;Receitas Correntes;Outras Receitas Correntes;Indenizações, Restituições e Ressarcimentos;1433;268659
Ribeirão Cascalheira;2022;Receitas Correntes;Outras Receitas Correntes;Demais Receitas Correntes;7227;455543
Ribeirão Cascalheira;2022;Receitas de Capital;Transferências de Capital;Transferências da União e de SUAS Entidades;196413;1056962
Ribeirão Cascalheira;2022;Receitas de Capital;Transferências de Capital;Transferências dos Estados e do Distrito Federal e de SUAS Entidades;6825336;8056441
Ribeirão Cascalheira;2022;Receitas Correntes Intraorçamentárias;Contribuições;Sociais;2896541;1370258
Ribeirão Cascalheira;2022;Receitas Correntes Intraorçamentárias;Outras Receitas Correntes;Demais Receitas Correntes;868504;0
Ribeirão Cascalheira;2023;Receitas Correntes;Impostos, Taxas e Contribuições de Melhoria;Impostos;13158226;4971913
Ribeirão Cascalheira;2023;Receitas Correntes;Impostos, Taxas e Contribuições de Melhoria;Taxas;269830;725103
Ribeirão Cascalheira;2023;Receitas Correntes;Impostos, Taxas e Contribuições de Melhoria;Contribuição de Melhoria;4;344014
Ribeirão Cascalheira;2023;Receitas Correntes;Contribuições;Sociais;1297670;1884467
Ribeirão Cascalheira;2023;Receitas Correntes;Receita Patrimonial;Valores Mobiliários;1569717;205500
Ribeirão Cascalheira;2023;Receitas Correntes;Receita de Serviços;Outros Serviços;129624;954676
Ribeirão Cascalheira;2023;Receitas Correntes;Transferências Correntes;Transferências de Outras Instituições Públicas;11795285;11157907
Ribeirão Cascalheira;2023;Receitas Correntes;Transferências Correntes;Transferências da União e de SUAS Entidades;19677324;26633518
Ribeirão Cascalheira;2023;Receitas Correntes;Transferências Correntes;Transferências dos Estados e do Distrito Federal e de SUAS Entidades;21621776;17587320
Ribeirão Cascalheira;2023;Receitas Correntes;Transferências Correntes;Transferências dos Municípios e SUAS Entidades;1284387;434997
Ribeirão Cascalheira;2023;Receitas Correntes;Outras Receitas Correntes;Indenizações, Restituições e Ressarcimentos;89519;362722
Ribeirão Cascalheira;2023;Receitas Correntes;Outras Receitas Correntes;Demais Receitas Correntes;0;163501
Ribeirão Cascalheira;2023;Receitas de Capital;Transferências de Capital;Transferências da União e de SUAS Entidades;2848004;3345898
Ribeirão Cascalheira;2023;Receitas de Capital;Transferências de Capital;Transferências dos Estados e do Distrito Federal e de SUAS Entidades;219629;8098960
Ribeirão Cascalheira;2023;Receitas Correntes Intraorçamentárias;Contribuições;Sociais;3869556;3082641
Ribeirão Cascalheira;2023;Receitas Correntes Intraorçamentárias;Outras Receitas Correntes;Demais Receitas Correntes;505712;0
Ribeirão Cascalheira;2024;Receitas Correntes;Impostos, Taxas e Contribuições de Melhoria;Impostos;7303976;9335000
Ribeirão Cascalheira;2024;Receitas Correntes;Impostos, Taxas e Contribuições de Melhoria;Taxas;215466;388000
Ribeirão Cascalheira;2024;Receitas Correntes;Impostos, Taxas e Contribuições de Melhoria;Contribuição de Melhoria;248264;380000
Ribeirão Cascalheira;2024;Receitas Correntes;Contribuições;Sociais;1708197;1500000
Ribeirão Cascalheira;2024;Receitas Correntes;Receita Patrimonial;Valores Mobiliários;765123;2100000
Ribeirão Cascalheira;2024;Receitas Correntes;Receita de Serviços;Serviços Administrativos e Gerais;90420;0
Ribeirão Cascalheira;2024;Receitas Correntes;Receita de Serviços;Outros Serviços;185398;470000
Ribeirão Cascalheira;2024;Receitas Correntes;Transferências Correntes;Transferências de Outras Instituições Públicas;14362107;14168070
Ribeirão Cascalheira;2024;Receitas Correntes;Transferências Correntes;Transferências da União e de SUAS Entidades;25048874;24360000
Ribeirão Cascalheira;2024;Receitas Correntes;Transferências Correntes;Transferências dos Estados e do Distrito Federal e de SUAS Entidades;25740385;19705000
Ribeirão Cascalheira;2024;Receitas Correntes;Transferências Correntes;Transferências dos Municípios e SUAS Entidades;2104732;8806000
Ribeirão Cascalheira;2024;Receitas Correntes;Outras Receitas Correntes;Indenizações, Restituições e Ressarcimentos;981372;4000
Ribeirão Cascalheira;2024;Receitas Correntes;Outras Receitas Correntes;Demais Receitas Correntes;14109;20000
Ribeirão Cascalheira;2024;Receitas de Capital;Transferências de Capital;Transferências da União e de SUAS Entidades;960035;2254019
Ribeirão Cascalheira;2024;Receitas de Capital;Transferências de Capital;Transferências dos Estados e do Distrito Federal e de SUAS Entidades;4150000;3750000
Ribeirão Cascalheira;2024;Receitas Correntes Intraorçamentárias;Contribuições;Sociais;3761554;2490000
Ribeirão Cascalheira;2024;Receitas Correntes Intraorçamentárias;Outras Receitas Correntes;Demais Receitas Correntes;2481247;900000
Ribeirão Cascalheira;2025;Receitas Correntes;Impostos, Taxas e Contribuições de Melhoria;Impostos;10459950;7581898
Ribeirão Cascalheira;2025;Receitas Correntes;Impostos, Taxas e Contribuições de Melhoria;Taxas;431313;612888
Ribeirão Cascalheira;2025;Receitas Correntes;Impostos, Taxas e Contribuições de Melhoria;Contribuição de Melhoria;689;32630
Ribeirão Cascalheira;2025;Receitas Correntes;Contribuições;Sociais;2183490;1412000
Ribeirão Cascalheira;2025;Receitas Correntes;Receita Patrimonial;Valores Mobiliários;920015;2161960
Ribeirão Cascalheira;2025;Receitas Correntes;Receita de Serviços;Outros Serviços;1065005;250335
Ribeirão Cascalheira;2025;Receitas Correntes;Transferências Correntes;Transferências de Outras Instituições Públicas;15905505;16459235
Ribeirão Cascalheira;2025;Receitas Correntes;Transferências Correntes;Transferências da União e de SUAS Entidades;30177366;30000368
Ribeirão Cascalheira;2025;Receitas Correntes;Transferências Correntes;Transferências dos Estados e do Distrito Federal e de SUAS Entidades;34733585;27412704
Ribeirão Cascalheira;2025;Receitas Correntes;Transferências Correntes;Transferências dos Municípios e SUAS Entidades;4;2831631
Ribeirão Cascalheira;2025;Receitas Correntes;Outras Receitas Correntes;Indenizações, Restituições e Ressarcimentos;437047;202277
Ribeirão Cascalheira;2025;Receitas Correntes;Outras Receitas Correntes;Demais Receitas Correntes;933828;904327
Ribeirão Cascalheira;2025;Receitas de Capital;Transferências de Capital;Transferências da União e de SUAS Entidades;1862970;1473219
Ribeirão Cascalheira;2025;Receitas de Capital;Transferências de Capital;Transferências dos Estados e do Distrito Federal e de SUAS Entidades;5700000;6119076
Ribeirão Cascalheira;2025;Receitas Correntes Intraorçamentárias;Contribuições;Sociais;3470300;3794769
Ribeirão Cascalheira;2025;Receitas Correntes Intraorçamentárias;Outras Receitas Correntes;Demais Receitas Correntes;4377207;590000
Ribeirão Cascalheira;2026;Receitas Correntes;Impostos, Taxas e Contribuições de Melhoria;Impostos;7626887;14112828
Ribeirão Cascalheira;2026;Receitas Correntes;Impostos, Taxas e Contribuições de Melhoria;Taxas;268699;1057809
Ribeirão Cascalheira;2026;Receitas Correntes;Impostos, Taxas e Contribuições de Melhoria;Contribuição de Melhoria;0;675000
Ribeirão Cascalheira;2026;Receitas Correntes;Contribuições;Sociais;182918;1446100
Ribeirão Cascalheira;2026;Receitas Correntes;Receita Patrimonial;Valores Mobiliários;1081541;498438
Ribeirão Cascalheira;2026;Receitas Correntes;Receita de Serviços;Outros Serviços;824140;559174
Ribeirão Cascalheira;2026;Receitas Correntes;Transferências Correntes;Transferências de Outras Instituições Públicas;8744415;10544508
Ribeirão Cascalheira;2026;Receitas Correntes;Transferências Correntes;Transferências da União e de SUAS Entidades;18681245;36016743
Ribeirão Cascalheira;2026;Receitas Correntes;Transferências Correntes;Transferências dos Estados e do Distrito Federal e de SUAS Entidades;20502497;26838155
Ribeirão Cascalheira;2026;Receitas Correntes;Transferências Correntes;Transferências dos Municípios e SUAS Entidades;0;640000
Ribeirão Cascalheira;2026;Receitas Correntes;Outras Receitas Correntes;Indenizações, Restituições e Ressarcimentos;239802;211379
Ribeirão Cascalheira;2026;Receitas Correntes;Outras Receitas Correntes;Demais Receitas Correntes;1881217;1586632
Ribeirão Cascalheira;2026;Receitas de Capital;Transferências de Capital;Transferências da União e de SUAS Entidades;1008126;3723219
Ribeirão Cascalheira;2026;Receitas de Capital;Transferências de Capital;Transferências dos Estados e do Distrito Federal e de SUAS Entidades;1516632;8692668
Ribeirão Cascalheira;2026;Receitas Correntes Intraorçamentárias;Contribuições;Sociais;259422;3029450
Ribeirão Cascalheira;2026;Receitas Correntes Intraorçamentárias;Outras Receitas Correntes;Demais Receitas Correntes;390892;900000
São Félix do Araguaia;2021;Receitas Correntes;Impostos, Taxas e Contribuições de Melhoria;Impostos;8831170;12559980
São Félix do Araguaia;2021;Receitas Correntes;Impostos, Taxas e Contribuições de Melhoria;Taxas;1537754;210725
São Félix do Araguaia;2021;Receitas Correntes;Contribuições;Sociais;2152841;1511800
São Félix do Araguaia;2021;Receitas Correntes;Contribuições;Para Custeio de Iluminação Pública;447391;257500
São Félix do Araguaia;2021;Receitas Correntes;Receita Patrimonial;Valores Mobiliários;291614;613500
São Félix do Araguaia;2021;Receitas Correntes;Receita de Serviços;Serviços Administrativos e Gerais;472089;515000
São Félix do Araguaia;2021;Receitas Correntes;Receita de Serviços;Outros Serviços;0;10300
São Félix do Araguaia;2021;Receitas Correntes;Transferências Correntes;Transferências de Outras Instituições Públicas;9011916;7796400
São Félix do Araguaia;2021;Receitas Correntes;Transferências Correntes;Transferências da União e de SUAS Entidades;23497117;21883899
São Félix do Araguaia;2021;Receitas Correntes;Transferências Correntes;Transferências dos Estados e do Distrito Federal e de SUAS Entidades;32717919;28502245
São Félix do Araguaia;2021;Receitas Correntes;Outras Receitas Correntes;Indenizações, Restituições e Ressarcimentos;8602;55350
São Félix do Araguaia;2021;Receitas Correntes;Outras Receitas Correntes;Demais Receitas Correntes;4784647;10600
São Félix do Araguaia;2021;Receitas Correntes;Outras Receitas Correntes;Multas Administrativas, Contratuais e Judiciais;0;30900
São Félix do Araguaia;2021;Receitas de Capital;Transferências de Capital;Transferências da União e de SUAS Entidades;3362272;7331736
São Félix do Araguaia;2021;Receitas de Capital;Transferências de Capital;Transferências dos Estados e do Distrito Federal e de SUAS Entidades;89435;564829
São Félix do Araguaia;2021;Receitas Correntes Intraorçamentárias;Contribuições;Sociais;2905235;2043600
São Félix do Araguaia;2022;Receitas Correntes;Impostos, Taxas e Contribuições de Melhoria;Impostos;15108969;16948817
São Félix do Araguaia;2022;Receitas Correntes;Impostos, Taxas e Contribuições de Melhoria;Taxas;3073709;435000
São Félix do Araguaia;2022;Receitas Correntes;Contribuições;Sociais;2222128;1601800
São Félix do Araguaia;2022;Receitas Correntes;Contribuições;Para Custeio de Iluminação Pública;166770;257500
São Félix do Araguaia;2022;Receitas Correntes;Receita Patrimonial;Valores Mobiliários;2206895;510000
São Félix do Araguaia;2022;Receitas Correntes;Receita de Serviços;Serviços Administrativos e Gerais;428995;570000
São Félix do Araguaia;2022;Receitas Correntes;Transferências Correntes;Transferências de Outras Instituições Públicas;9214415;9000000
São Félix do Araguaia;2022;Receitas Correntes;Transferências Correntes;Transferências da União e de SUAS Entidades;27101653;31150038
São Félix do Araguaia;2022;Receitas Correntes;Transferências Correntes;Transferências dos Estados e do Distrito Federal e de SUAS Entidades;41162094;36339961
São Félix do Araguaia;2022;Receitas Correntes;Outras Receitas Correntes;Indenizações, Restituições e Ressarcimentos;159213;72200
São Félix do Araguaia;2022;Receitas Correntes;Outras Receitas Correntes;Demais Receitas Correntes;0;200
São Félix do Araguaia;2022;Receitas Correntes;Outras Receitas Correntes;Multas Administrativas, Contratuais e Judiciais;0;70199
São Félix do Araguaia;2022;Receitas de Capital;Operações de Crédito;Internas;13000000;15463900
São Félix do Araguaia;2022;Receitas de Capital;Transferências de Capital;Transferências da União e de SUAS Entidades;791553;2835000
São Félix do Araguaia;2022;Receitas de Capital;Transferências de Capital;Transferências dos Estados e do Distrito Federal e de SUAS Entidades;3741868;3915907
São Félix do Araguaia;2022;Receitas Correntes Intraorçamentárias;Contribuições;Sociais;3313688;2043800
São Félix do Araguaia;2023;Receitas Correntes;Impostos, Taxas e Contribuições de Melhoria;Impostos;17211670;11989104
São Félix do Araguaia;2023;Receitas Correntes;Impostos, Taxas e Contribuições de Melhoria;Taxas;335811;9437897
São Félix do Araguaia;2023;Receitas Correntes;Contribuições;Sociais;3115198;1801000
São Félix do Araguaia;2023;Receitas Correntes;Contribuições;Para Custeio de Iluminação Pública;403971;270323
São Félix do Araguaia;2023;Receitas Correntes;Receita Patrimonial;Valores Mobiliários;1792073;107980
São Félix do Araguaia;2023;Receitas Correntes;Receita de Serviços;Serviços Administrativos e Gerais;452931;598386
São Félix do Araguaia;2023;Receitas Correntes;Transferências Correntes;Transferências de Outras Instituições Públicas;11810274;11807500
São Félix do Araguaia;2023;Receitas Correntes;Transferências Correntes;Transferências da União e de SUAS Entidades;33954139;27284829
São Félix do Araguaia;2023;Receitas Correntes;Transferências Correntes;Transferências dos Estados e do Distrito Federal e de SUAS Entidades;45351021;44211052
São Félix do Araguaia;2023;Receitas Correntes;Outras Receitas Correntes;Indenizações, Restituições e Ressarcimentos;174888;75586
São Félix do Araguaia;2023;Receitas Correntes;Outras Receitas Correntes;Demais Receitas Correntes;29138;1000
São Félix do Araguaia;2023;Receitas Correntes;Outras Receitas Correntes;Multas Administrativas, Contratuais e Judiciais;0;73695
São Félix do Araguaia;2023;Receitas de Capital;Operações de Crédito;Internas;15216728;15200000
São Félix do Araguaia;2023;Receitas de Capital;Transferências de Capital;Transferências da União e de SUAS Entidades;1725492;4615868
São Félix do Araguaia;2023;Receitas de Capital;Transferências de Capital;Transferências dos Estados e do Distrito Federal e de SUAS Entidades;13407606;7070993
São Félix do Araguaia;2023;Receitas Correntes Intraorçamentárias;Contribuições;Sociais;5084374;2705000
São Félix do Araguaia;2024;Receitas Correntes;Impostos, Taxas e Contribuições de Melhoria;Impostos;16365446;15957857
São Félix do Araguaia;2024;Receitas Correntes;Impostos, Taxas e Contribuições de Melhoria;Taxas;178032;921357
São Félix do Araguaia;2024;Receitas Correntes;Contribuições;Sociais;2560359;2172160
São Félix do Araguaia;2024;Receitas Correntes;Contribuições;Para Custeio de Iluminação Pública;459767;350000
São Félix do Araguaia;2024;Receitas Correntes;Receita Patrimonial;Valores Mobiliários;3301086;712000
São Félix do Araguaia;2024;Receitas Correntes;Receita de Serviços;Serviços Administrativos e Gerais;434476;625972
São Félix do Araguaia;2024;Receitas Correntes;Transferências Correntes;Transferências de Outras Instituições Públicas;13736095;13716000
São Félix do Araguaia;2024;Receitas Correntes;Transferências Correntes;Transferências da União e de SUAS Entidades;35161673;38106628
São Félix do Araguaia;2024;Receitas Correntes;Transferências Correntes;Transferências dos Estados e do Distrito Federal e de SUAS Entidades;49814315;49228508
São Félix do Araguaia;2024;Receitas Correntes;Outras Receitas Correntes;Indenizações, Restituições e Ressarcimentos;393604;79070
São Félix do Araguaia;2024;Receitas Correntes;Outras Receitas Correntes;Demais Receitas Correntes;828271;1000
São Félix do Araguaia;2024;Receitas Correntes;Outras Receitas Correntes;Multas Administrativas, Contratuais e Judiciais;3046;77092
São Félix do Araguaia;2024;Receitas de Capital;Operações de Crédito;Internas;14000000;14000000
São Félix do Araguaia;2024;Receitas de Capital;Transferências de Capital;Transferências da União e de SUAS Entidades;550044;3775213
São Félix do Araguaia;2024;Receitas de Capital;Transferências de Capital;Transferências dos Estados e do Distrito Federal e de SUAS Entidades;11986049;17408256
São Félix do Araguaia;2024;Receitas Correntes Intraorçamentárias;Contribuições;Sociais;2170389;2976200
São Félix do Araguaia;2025;Receitas Correntes;Impostos, Taxas e Contribuições de Melhoria;Impostos;20970188;22487912
São Félix do Araguaia;2025;Receitas Correntes;Impostos, Taxas e Contribuições de Melhoria;Taxas;784927;193500
São Félix do Araguaia;2025;Receitas Correntes;Contribuições;Sociais;3258045;2707000
São Félix do Araguaia;2025;Receitas Correntes;Contribuições;Para Custeio de Iluminação Pública;493228;495000
São Félix do Araguaia;2025;Receitas Correntes;Receita Patrimonial;Valores Mobiliários;4770029;2917600
São Félix do Araguaia;2025;Receitas Correntes;Receita de Serviços;Serviços Administrativos e Gerais;825785;455000
São Félix do Araguaia;2025;Receitas Correntes;Transferências Correntes;Transferências de Outras Instituições Públicas;14472619;14813071
São Félix do Araguaia;2025;Receitas Correntes;Transferências Correntes;Transferências da União e de SUAS Entidades;46997970;38172500
São Félix do Araguaia;2025;Receitas Correntes;Transferências Correntes;Transferências dos Estados e do Distrito Federal e de SUAS Entidades;66899943;61796881
São Félix do Araguaia;2025;Receitas Correntes;Outras Receitas Correntes;Indenizações, Restituições e Ressarcimentos;1095016;272000
São Félix do Araguaia;2025;Receitas Correntes;Outras Receitas Correntes;Demais Receitas Correntes;271662;42000
São Félix do Araguaia;2025;Receitas Correntes;Outras Receitas Correntes;Multas Administrativas, Contratuais e Judiciais;50416;6000
São Félix do Araguaia;2025;Receitas de Capital;Transferências de Capital;Transferências da União e de SUAS Entidades;2982902;35203039
São Félix do Araguaia;2025;Receitas de Capital;Transferências de Capital;Transferências dos Estados e do Distrito Federal e de SUAS Entidades;4637992;24689138
São Félix do Araguaia;2025;Receitas Correntes Intraorçamentárias;Contribuições;Sociais;5832672;5086000
São Félix do Araguaia;2026;Receitas Correntes;Impostos, Taxas e Contribuições de Melhoria;Impostos;10530364;23270950
São Félix do Araguaia;2026;Receitas Correntes;Impostos, Taxas e Contribuições de Melhoria;Taxas;325414;203400
São Félix do Araguaia;2026;Receitas Correntes;Contribuições;Sociais;1007707;2855050
São Félix do Araguaia;2026;Receitas Correntes;Contribuições;Para Custeio de Iluminação Pública;204531;500000
São Félix do Araguaia;2026;Receitas Correntes;Receita Patrimonial;Valores Mobiliários;2212250;2980000
São Félix do Araguaia;2026;Receitas Correntes;Receita de Serviços;Serviços Administrativos e Gerais;629114;480500
São Félix do Araguaia;2026;Receitas Correntes;Transferências Correntes;Transferências de Outras Instituições Públicas;6487170;14610000
São Félix do Araguaia;2026;Receitas Correntes;Transferências Correntes;Transferências da União e de SUAS Entidades;13760674;40447700
São Félix do Araguaia;2026;Receitas Correntes;Transferências Correntes;Transferências dos Estados e do Distrito Federal e de SUAS Entidades;37267887;55890504
São Félix do Araguaia;2026;Receitas Correntes;Outras Receitas Correntes;Indenizações, Restituições e Ressarcimentos;323315;286100
São Félix do Araguaia;2026;Receitas Correntes;Outras Receitas Correntes;Demais Receitas Correntes;421799;44000
São Félix do Araguaia;2026;Receitas Correntes;Outras Receitas Correntes;Multas Administrativas, Contratuais e Judiciais;0;6350
São Félix do Araguaia;2026;Receitas de Capital;Transferências de Capital;Transferências da União e de SUAS Entidades;1910000;637853
São Félix do Araguaia;2026;Receitas de Capital;Transferências de Capital;Transferências dos Estados e do Distrito Federal e de SUAS Entidades;1548109;266667
São Félix do Araguaia;2026;Receitas Correntes Intraorçamentárias;Contribuições;Sociais;1694748;5358000
