municipio;exercicio;prevista;arrecadada;propria;iptu;itbi;iss;irrf;icms;ipva;fethab;fpm;convenios_estado;convenios_uniao
Água Boa;2021;149661018;171757264;32228691;8280214;5854169;11903387;4016823;25002957;2724558;2620364;21477175;4579357;1211093
Água Boa;2022;213334838;231423441;41098829;8974273;6391968;16602804;6729448;27659161;4132140;0;23067236;15287504;0
Água Boa;2023;294685816;281910269;59603976;9759659;19472647;19107374;8309867;32911201;5562682;0;23585537;11480313;0
Água Boa;2024;316308371;320567538;55227849;10127265;10156992;21275912;11067723;36559883;6160344;0;27141258;20400548;0
Água Boa;2025;357181889;374390357;63895605;10220412;16367236;21903038;12522942;44187261;7160391;0;34148262;30975159;0
Água Boa;2026;364163825;208837521;34232144;10067381;2328296;12262516;7285374;26360653;5830631;0;20705308;4153612;0
Alto Araguaia;2021;119793109;113421065;15421885;1020298;4280882;5675713;2943521;34810301;1114630;2055948;16912798;1130967;1807000
Alto Araguaia;2022;171193670;141135582;15277097;929958;1788799;6304612;4547411;34556483;1353720;572587;19771917;11995823;0
Alto Araguaia;2023;249017009;156632405;19228145;894621;1559796;8897019;6323080;32390218;1809745;2625885;20216175;16710970;0
Alto Araguaia;2024;245523005;179176336;20403489;830298;2039570;9701644;7113525;29974846;2052216;2644392;23263935;8087807;0
Alto Araguaia;2025;248242830;180293908;17691098;998632;1822263;7252172;6790811;31816542;2349138;309595;25611197;8036453;0
Alto Araguaia;2026;213878053;101518836;12309181;268102;1662354;5182438;4065263;20136806;1867011;0;15528981;3146476;0
Arenápolis;2021;42285054;46414632;3357695;575249;467761;1012485;988970;5389527;867387;841714;7967187;3898268;0
Arenápolis;2022;72411130;70600739;4327722;681621;478120;1383039;1415951;5437806;1148341;162273;9885959;18124947;0
Arenápolis;2023;61028923;64362085;5486686;919422;414207;1962618;1829604;5697724;1398033;187046;11835310;8114934;0
Arenápolis;2024;70216217;69872641;6542764;998383;1044402;1845125;2270490;8786102;1572659;118375;15509290;4221237;0
Arenápolis;2025;86298579;92918480;7862963;1491678;1376792;1959431;2669591;11160209;1745564;0;17074131;6318067;0
Arenápolis;2026;86231285;59471475;5020459;1385022;403762;1417763;1472357;7660721;1385530;0;10352654;7609176;0
Canarana;2021;140027907;146112226;30834512;5022029;9290489;10260252;3999794;35053306;2602874;2863976;19392204;3811392;2764561
Canarana;2022;179133190;163732401;26514030;5901548;7349641;4348735;5513523;39344830;3617150;349493;19771917;6235637;0
Canarana;2023;234942703;241405920;46944022;5812033;16817268;11978615;7168898;46876815;4953089;0;21943397;26247968;18484999
Canarana;2024;283527536;255630811;50102947;5998760;15808146;10555007;10184124;48496774;5631466;0;27008489;5939350;6901319
Canarana;2025;271695323;273731884;43981122;7766262;8355702;12123344;11681476;57014504;6476082;0;29879729;7525494;0
Canarana;2026;285600234;176946751;28909025;7108853;4067983;7084183;6821061;36456560;5699326;1139359;20452865;1999306;995000
Ribeirão Cascalheira;2021;44099420;53913207;5267303;513301;2139797;1474032;797318;13039256;643686;1281557;11455729;201611;234834
Ribeirão Cascalheira;2022;77609240;78008991;7988032;590170;3925006;1667303;1537502;14429985;831493;268639;13181278;7320630;0
Ribeirão Cascalheira;2023;79953136;78336262;13428060;689474;8081141;2435315;1952295;15797971;1133880;3295365;13366761;505525;0
Ribeirão Cascalheira;2024;90630089;90121257;7767706;498916;1768540;2324926;2711594;18766665;1316791;3352146;15068636;4565510;0
Ribeirão Cascalheira;2025;101839316;112658274;10891952;562756;3651984;2531409;3713800;25022261;1478560;2731857;16975728;7123597;0
Ribeirão Cascalheira;2026;110532103;63208430;7895585;424829;3782460;1390588;2029010;14836499;1176359;1672413;10352654;956632;0
São Félix do Araguaia;2021;83898364;90110002;10339321;468482;2269480;4288288;1775317;25270016;349890;2027002;14393594;803528;144058
São Félix do Araguaia;2022;121214321;121691950;17064812;361982;2694382;6752965;4181775;30310923;511568;2925100;13181278;0;0
São Félix do Araguaia;2023;137250212;150065310;16439311;409987;5268260;7703271;2721983;35771429;441327;2974941;15204672;0;0
São Félix do Araguaia;2024;160107312;151942653;15187672;332345;3661689;6962833;4052774;38687603;837297;2862991;19386686;6039531;0
São Félix do Araguaia;2025;209336640;174343395;16088247;202424;6343948;4035756;4721191;47165076;1027359;0;21342664;12467629;0
São Félix do Araguaia;2026;147837074;78323080;9519692;36827;5512636;1867941;1776873;19191587;609548;0;8647114;9608237;0
