municipio;exercicio;grupo;arrecadada
Água Boa;2021;Receita do Município;41767929
Água Boa;2021;Transferências da União;42586680
Água Boa;2021;Transferências dos Estados;50779854
Água Boa;2021;Demais Transferências do Município;22344582
Água Boa;2021;Demais Receitas do Município;495925
Água Boa;2021;Alienação de Bens do Município;2221042
Água Boa;2021;Receita do RPPS;11561252
Água Boa;2022;Receita do Município;56600401
Água Boa;2022;Transferências da União;48621163
Água Boa;2022;Transferências dos Estados;76638170
Água Boa;2022;Demais Transferências do Município;24519636
Água Boa;2022;Demais Receitas do Município;538738
Água Boa;2022;Alienação de Bens do Município;2869138
Água Boa;2022;Operações de Crédito do Município;1244300
Água Boa;2022;Receita do RPPS;20391895
Água Boa;2023;Receita do Município;77423283
Água Boa;2023;Transferências da União;54227294
Água Boa;2023;Transferências dos Estados;85816757
Água Boa;2023;Demais Transferências do Município;28932678
Água Boa;2023;Demais Receitas do Município;482844
Água Boa;2023;Alienação de Bens do Município;1275430
Água Boa;2023;Operações de Crédito do Município;5489179
Água Boa;2023;Receita do RPPS;28262803
Água Boa;2024;Receita do Município;75295784
Água Boa;2024;Transferências da União;62502783
Água Boa;2024;Transferências dos Estados;109034744
Água Boa;2024;Demais Transferências do Município;32471788
Água Boa;2024;Demais Receitas do Município;1244387
Água Boa;2024;Alienação de Bens do Município;1470172
Água Boa;2024;Operações de Crédito do Município;13026027
Água Boa;2024;Receita do RPPS;25521853
Água Boa;2025;Receita do Município;86981393
Água Boa;2025;Transferências da União;83709198
Água Boa;2025;Transferências dos Estados;125529151
Água Boa;2025;Demais Transferências do Município;41076841
Água Boa;2025;Demais Receitas do Município;348667
Água Boa;2025;Alienação de Bens do Município;129300
Água Boa;2025;Operações de Crédito do Município;4488334
Água Boa;2025;Receita do RPPS;32127473
Água Boa;2026;Receita do Município;50939812
Água Boa;2026;Transferências da União;47297518
Água Boa;2026;Transferências dos Estados;67452055
Água Boa;2026;Demais Transferências do Município;25644460
Água Boa;2026;Demais Receitas do Município;387551
Água Boa;2026;Alienação de Bens do Município;320600
Água Boa;2026;Receita do RPPS;16795525
Alto Araguaia;2021;Receita do Município;19485550
Alto Araguaia;2021;Transferências da União;29644464
Alto Araguaia;2021;Transferências dos Estados;40917258
Alto Araguaia;2021;Demais Transferências do Município;11606573
Alto Araguaia;2021;Demais Receitas do Município;292581
Alto Araguaia;2021;Alienação de Bens do Município;170940
Alto Araguaia;2021;Operações de Crédito do Município;3000000
Alto Araguaia;2021;Receita do RPPS;8303699
Alto Araguaia;2022;Receita do Município;22126136
Alto Araguaia;2022;Transferências da União;30654513
Alto Araguaia;2022;Transferências dos Estados;52673615
Alto Araguaia;2022;Demais Transferências do Município;11876906
Alto Araguaia;2022;Demais Receitas do Município;303744
Alto Araguaia;2022;Alienação de Bens do Município;52000
Alto Araguaia;2022;Operações de Crédito do Município;14000000
Alto Araguaia;2022;Receita do RPPS;9448669
Alto Araguaia;2023;Receita do Município;25139286
Alto Araguaia;2023;Transferências da União;35891154
Alto Araguaia;2023;Transferências dos Estados;66183514
Alto Araguaia;2023;Demais Transferências do Município;13146203
Alto Araguaia;2023;Demais Receitas do Município;438322
Alto Araguaia;2023;Alienação de Bens do Município;1314993
Alto Araguaia;2023;Operações de Crédito do Município;2400000
Alto Araguaia;2023;Receita do RPPS;12118932
Alto Araguaia;2024;Receita do Município;26201759
Alto Araguaia;2024;Transferências da União;48693190
Alto Araguaia;2024;Transferências dos Estados;55696381
Alto Araguaia;2024;Demais Transferências do Município;14258263
Alto Araguaia;2024;Demais Receitas do Município;1502870
Alto Araguaia;2024;Alienação de Bens do Município;519721
Alto Araguaia;2024;Operações de Crédito do Município;600000
Alto Araguaia;2024;Receita do RPPS;31704152
Alto Araguaia;2025;Receita do Município;27210384
Alto Araguaia;2025;Transferências da União;50138536
Alto Araguaia;2025;Transferências dos Estados;59716309
Alto Araguaia;2025;Demais Transferências do Município;16085821
Alto Araguaia;2025;Demais Receitas do Município;971520
Alto Araguaia;2025;Alienação de Bens do Município;302258
Alto Araguaia;2025;Receita do RPPS;25869079
Alto Araguaia;2026;Receita do Município;18301631
Alto Araguaia;2026;Transferências da União;26779552
Alto Araguaia;2026;Transferências dos Estados;30594438
Alto Araguaia;2026;Demais Transferências do Município;9550085
Alto Araguaia;2026;Demais Receitas do Município;312206
Alto Araguaia;2026;Alienação de Bens do Município;213600
Alto Araguaia;2026;Receita do RPPS;15767324
Arenápolis;2021;Receita do Município;4001298
Arenápolis;2021;Transferências da União;14638781
Arenápolis;2021;Transferências dos Estados;19083871
Arenápolis;2021;Demais Transferências do Município;8538683
Arenápolis;2021;Demais Receitas do Município;151999
Arenápolis;2022;Receita do Município;6488664
Arenápolis;2022;Transferências da União;18791701
Arenápolis;2022;Transferências dos Estados;34910578
Arenápolis;2022;Demais Transferências do Município;9319819
Arenápolis;2022;Demais Receitas do Município;648377
Arenápolis;2022;Alienação de Bens do Município;441600
Arenápolis;2023;Receita do Município;7979288
Arenápolis;2023;Transferências da União;20693986
Arenápolis;2023;Transferências dos Estados;23357229
Arenápolis;2023;Demais Transferências do Município;9327514
Arenápolis;2023;Demais Receitas do Município;2356468
Arenápolis;2023;Alienação de Bens do Município;647600
Arenápolis;2024;Receita do Município;9381462
Arenápolis;2024;Transferências da União;24231835
Arenápolis;2024;Transferências dos Estados;24152172
Arenápolis;2024;Demais Transferências do Município;10292363
Arenápolis;2024;Demais Receitas do Município;1205608
Arenápolis;2024;Alienação de Bens do Município;609200
Arenápolis;2025;Receita do Município;11032074
Arenápolis;2025;Transferências da União;29556690
Arenápolis;2025;Transferências dos Estados;32435759
Arenápolis;2025;Demais Transferências do Município;12328272
Arenápolis;2025;Demais Receitas do Município;3162052
Arenápolis;2025;Operações de Crédito do Município;4403633
Arenápolis;2026;Receita do Município;7205870
Arenápolis;2026;Transferências da União;17057544
Arenápolis;2026;Transferências dos Estados;23882704
Arenápolis;2026;Demais Transferências do Município;9141921
Arenápolis;2026;Demais Receitas do Município;2183436
Canarana;2021;Receita do Município;33222412
Canarana;2021;Transferências da União;34367919
Canarana;2021;Transferências dos Estados;46790169
Canarana;2021;Demais Transferências do Município;17730158
Canarana;2021;Demais Receitas do Município;143188
Canarana;2021;Alienação de Bens do Município;841372
Canarana;2021;Operações de Crédito do Município;2384861
Canarana;2021;Receita do RPPS;10632148
Canarana;2022;Receita do Município;39803653
Canarana;2022;Transferências da União;41067037
Canarana;2022;Transferências dos Estados;54838192
Canarana;2022;Demais Transferências do Município;18492536
Canarana;2022;Demais Receitas do Município;188170
Canarana;2022;Alienação de Bens do Município;445200
Canarana;2022;Receita do RPPS;8897612
Canarana;2023;Receita do Município;57626798
Canarana;2023;Transferências da União;64450893
Canarana;2023;Transferências dos Estados;86308851
Canarana;2023;Demais Transferências do Município;20884617
Canarana;2023;Demais Receitas do Município;415536
Canarana;2023;Operações de Crédito do Município;335406
Canarana;2023;Receita do RPPS;11383820
Canarana;2024;Receita do Município;61235080
Canarana;2024;Transferências da União;55760873
Canarana;2024;Transferências dos Estados;93581174
Canarana;2024;Demais Transferências do Município;25627820
Canarana;2024;Demais Receitas do Município;973598
Canarana;2024;Alienação de Bens do Município;7168753
Canarana;2024;Operações de Crédito do Município;590806
Canarana;2024;Receita do RPPS;10692709
Canarana;2025;Receita do Município;57522671
Canarana;2025;Transferências da União;55220862
Canarana;2025;Transferências dos Estados;81699253
Canarana;2025;Demais Transferências do Município;34699717
Canarana;2025;Demais Receitas do Município;1990403
Canarana;2025;Alienação de Bens do Município;1071583
Canarana;2025;Operações de Crédito do Município;19102489
Canarana;2025;Receita do RPPS;22424907
Canarana;2026;Receita do Município;38734015
Canarana;2026;Transferências da União;46232608
Canarana;2026;Transferências dos Estados;60580288
Canarana;2026;Demais Transferências do Município;24383319
Canarana;2026;Demais Receitas do Município;284831
Canarana;2026;Alienação de Bens do Município;375645
Canarana;2026;Operações de Crédito do Município;206086
Canarana;2026;Receita do RPPS;6149960
Ribeirão Cascalheira;2021;Receita do Município;6065774
Ribeirão Cascalheira;2021;Transferências da União;15036908
Ribeirão Cascalheira;2021;Transferências dos Estados;19183038
Ribeirão Cascalheira;2021;Demais Transferências do Município;9513981
Ribeirão Cascalheira;2021;Demais Receitas do Município;89695
Ribeirão Cascalheira;2021;Receita do RPPS;4023811
Ribeirão Cascalheira;2022;Receita do Município;10098736
Ribeirão Cascalheira;2022;Transferências da União;21818673
Ribeirão Cascalheira;2022;Transferências dos Estados;25777673
Ribeirão Cascalheira;2022;Demais Transferências do Município;15258212
Ribeirão Cascalheira;2022;Demais Receitas do Município;967
Ribeirão Cascalheira;2022;Receita do RPPS;5054731
Ribeirão Cascalheira;2023;Receita do Município;15127400
Ribeirão Cascalheira;2023;Transferências da União;22525327
Ribeirão Cascalheira;2023;Transferências dos Estados;21841405
Ribeirão Cascalheira;2023;Demais Transferências do Município;13079672
Ribeirão Cascalheira;2023;Demais Receitas do Município;89519
Ribeirão Cascalheira;2023;Receita do RPPS;5672939
Ribeirão Cascalheira;2024;Receita do Município;8808646
Ribeirão Cascalheira;2024;Transferências da União;26008908
Ribeirão Cascalheira;2024;Transferências dos Estados;29890385
Ribeirão Cascalheira;2024;Demais Transferências do Município;16466839
Ribeirão Cascalheira;2024;Demais Receitas do Município;974834
Ribeirão Cascalheira;2024;Receita do RPPS;7971645
Ribeirão Cascalheira;2025;Receita do Município;12876972
Ribeirão Cascalheira;2025;Transferências da União;32040336
Ribeirão Cascalheira;2025;Transferências dos Estados;40433585
Ribeirão Cascalheira;2025;Demais Transferências do Município;15905509
Ribeirão Cascalheira;2025;Demais Receitas do Município;1366558
Ribeirão Cascalheira;2025;Receita do RPPS;10035313
Ribeirão Cascalheira;2026;Receita do Município;9801266
Ribeirão Cascalheira;2026;Transferências da União;19689371
Ribeirão Cascalheira;2026;Transferências dos Estados;22019128
Ribeirão Cascalheira;2026;Demais Transferências do Município;8744415
Ribeirão Cascalheira;2026;Demais Receitas do Município;1930450
Ribeirão Cascalheira;2026;Receita do RPPS;1023800
São Félix do Araguaia;2021;Receita do Município;11559221
São Félix do Araguaia;2021;Transferências da União;26859389
São Félix do Araguaia;2021;Transferências dos Estados;32807354
São Félix do Araguaia;2021;Demais Transferências do Município;9011916
São Félix do Araguaia;2021;Demais Receitas do Município;4792948
São Félix do Araguaia;2021;Receita do RPPS;5079174
São Félix do Araguaia;2022;Receita do Município;20171849
São Félix do Araguaia;2022;Transferências da União;27893206
São Félix do Araguaia;2022;Transferências dos Estados;44903962
São Félix do Araguaia;2022;Demais Transferências do Município;9214415
São Félix do Araguaia;2022;Demais Receitas do Município;159147
São Félix do Araguaia;2022;Operações de Crédito do Município;13000000
São Félix do Araguaia;2022;Receita do RPPS;6349370
São Félix do Araguaia;2023;Receita do Município;19497989
São Félix do Araguaia;2023;Transferências da União;35679630
São Félix do Araguaia;2023;Transferências dos Estados;58758627
São Félix do Araguaia;2023;Demais Transferências do Município;11810274
São Félix do Araguaia;2023;Demais Receitas do Município;174753
São Félix do Araguaia;2023;Operações de Crédito do Município;15216728
São Félix do Araguaia;2023;Receita do RPPS;8927309
São Félix do Araguaia;2024;Receita do Município;18621663
São Félix do Araguaia;2024;Transferências da União;35711717
São Félix do Araguaia;2024;Transferências dos Estados;61800364
São Félix do Araguaia;2024;Demais Transferências do Município;13736095
São Félix do Araguaia;2024;Demais Receitas do Município;393604
São Félix do Araguaia;2024;Operações de Crédito do Município;14000000
São Félix do Araguaia;2024;Receita do RPPS;7679210
São Félix do Araguaia;2025;Receita do Município;24641753
São Félix do Araguaia;2025;Transferências da União;49980872
São Félix do Araguaia;2025;Transferências dos Estados;71537935
São Félix do Araguaia;2025;Demais Transferências do Município;14472619
São Félix do Araguaia;2025;Demais Receitas do Município;1095016
São Félix do Araguaia;2025;Receita do RPPS;12615200
São Félix do Araguaia;2026;Receita do Município;12543431
São Félix do Araguaia;2026;Transferências da União;15670674
São Félix do Araguaia;2026;Transferências dos Estados;38815996
São Félix do Araguaia;2026;Demais Transferências do Município;6487170
São Félix do Araguaia;2026;Demais Receitas do Município;323237
São Félix do Araguaia;2026;Receita do RPPS;4482572
