municipio;ano;cobertura_media
Alto Araguaia;2021;0.74
Alto Araguaia;2022;0.819
Alto Araguaia;2023;1.004
Alto Araguaia;2024;0.996
Alto Araguaia;2025;0.952
Alto Araguaia;2026;0.93
Arenápolis;2021;0.774
Arenápolis;2022;1.381
Arenápolis;2023;0.965
Arenápolis;2024;0.835
Arenápolis;2025;0.796
Arenápolis;2026;0.652
Canarana;2021;0.764
Canarana;2022;0.973
Canarana;2023;0.93
Canarana;2024;0.869
Canarana;2025;0.871
Canarana;2026;0.766
Ribeirão Cascalheira;2021;0.494
Ribeirão Cascalheira;2022;0.671
Ribeirão Cascalheira;2023;1.08
Ribeirão Cascalheira;2024;1.022
Ribeirão Cascalheira;2025;0.994
Ribeirão Cascalheira;2026;0.84
São Félix do Araguaia;2021;0.783
São Félix do Araguaia;2022;0.635
São Félix do Araguaia;2023;1.226
São Félix do Araguaia;2024;1.059
São Félix do Araguaia;2025;0.968
São Félix do Araguaia;2026;0.86
Água Boa;2021;0.839
Água Boa;2022;0.962
Água Boa;2023;0.893
Água Boa;2024;0.971
Água Boa;2025;0.956
Água Boa;2026;0.853
Mato Grosso;2021;0.77
Mato Grosso;2022;0.934
Mato Grosso;2023;0.981
Mato Grosso;2024;0.926
Mato Grosso;2025;0.93
Mato Grosso;2026;0.833
