municipio;ano;imunobiologico;cobertura;doses;publico_alvo;meta_percentual
Alto Araguaia;2021;Polio Injetável (VIP);0.85;163;190;95
Alto Araguaia;2021;Pneumo 10 (1° Reforço);0.84;161;190;95
Alto Araguaia;2021;Penta (DTP/HepB/Hib);0.84;160;190;95
Alto Araguaia;2021;BCG;0.56;107;190;90
Alto Araguaia;2021;Rotavírus;0.86;164;190;90
Alto Araguaia;2021;Tríplice Viral - 1° Dose;0.84;160;190;95
Alto Araguaia;2021;Pneumo 10;0.88;169;190;95
Alto Araguaia;2021;Hepatite A Infantil;0.73;140;190;95
Alto Araguaia;2021;Febre Amarela;0.75;144;190;95
Alto Araguaia;2021;Tríplice Viral - 2° Dose;0.53;101;190;95
Alto Araguaia;2021;Varicela;0.64;123;190;95
Alto Araguaia;2021;Meningocócica Conjugada (1° Reforço);0.81;154;190;
Alto Araguaia;2021;Polio Injetável (VIP) (Reforço);0.71;135;190;95
Alto Araguaia;2021;Hepatite B (< 30 dias);0.52;100;190;
Alto Araguaia;2022;Polio Injetável (VIP);0.89;177;197;95
Alto Araguaia;2022;Pneumo 10 (1° Reforço);0.83;164;197;95
Alto Araguaia;2022;Penta (DTP/HepB/Hib);0.91;180;197;95
Alto Araguaia;2022;BCG;1.03;204;197;90
Alto Araguaia;2022;Rotavírus;0.92;183;197;90
Alto Araguaia;2022;Tríplice Viral - 1° Dose;0.8;158;197;95
Alto Araguaia;2022;Pneumo 10;0.96;190;197;95
Alto Araguaia;2022;Hepatite A Infantil;0.75;149;197;95
Alto Araguaia;2022;Febre Amarela;0.68;135;197;95
Alto Araguaia;2022;Tríplice Viral - 2° Dose;0.55;110;197;95
Alto Araguaia;2022;Varicela;0.75;148;197;95
Alto Araguaia;2022;Meningocócica Conjugada (1° Reforço);0.83;165;197;
Alto Araguaia;2022;Polio Injetável (VIP) (Reforço);0.69;136;197;95
Alto Araguaia;2022;Hepatite B (< 30 dias);0.87;173;197;
Alto Araguaia;2023;Polio Injetável (VIP);1.09;206;188;95
Alto Araguaia;2023;Meningo C;1.07;203;188;95
Alto Araguaia;2023;Pneumo 10 (1° Reforço);0.83;157;188;95
Alto Araguaia;2023;Hepatite B (< 30 Dias);1.18;223;188;95
Alto Araguaia;2023;DTP (1° Reforço);0.84;159;188;95
Alto Araguaia;2023;DTP;1.04;197;188;95
Alto Araguaia;2023;Penta (DTP/HepB/Hib);1.04;196;188;95
Alto Araguaia;2023;dTpa Adulto;0.57;108;188;100
Alto Araguaia;2023;BCG;1.11;209;188;90
Alto Araguaia;2023;Rotavírus;1.05;198;188;90
Alto Araguaia;2023;Tríplice Viral - 1° Dose;0.98;186;188;95
Alto Araguaia;2023;Pneumo 10;1.06;201;188;95
Alto Araguaia;2023;Polio Oral Bivalente;0.99;187;188;95
Alto Araguaia;2023;Hepatite A Infantil;0.96;181;188;95
Alto Araguaia;2023;Meningo C (1° Reforço);1.41;266;188;95
Alto Araguaia;2023;Hepatite B;1.04;196;188;95
Alto Araguaia;2023;Febre Amarela;0.99;187;188;95
Alto Araguaia;2023;Tríplice Viral - 2° Dose;0.86;163;188;95
Alto Araguaia;2023;Varicela;0.97;184;188;95
Alto Araguaia;2024;DTP (1° Reforço);1.22;194;158;95
Alto Araguaia;2024;Penta (DTP/HepB/Hib);1.02;162;158;95
Alto Araguaia;2024;BCG;1.06;169;158;90
Alto Araguaia;2024;Rotavírus;1.01;160;158;90
Alto Araguaia;2024;Tríplice Viral - 1° Dose;1.3;206;158;95
Alto Araguaia;2024;Hepatite A Infantil;1.23;195;158;95
Alto Araguaia;2024;Febre Amarela;1.02;162;158;95
Alto Araguaia;2024;Tríplice Viral - 2° Dose;1.28;203;158;95
Alto Araguaia;2024;Varicela;1.29;204;158;95
Alto Araguaia;2024;Poliomielite (1° Reforço);1.21;192;158;
Alto Araguaia;2024;Hepatite B (<= 30 dias);1.05;167;158;
Alto Araguaia;2024;Hepatite B (<= 1 dia);0.26;42;158;
Alto Araguaia;2024;Hepatite B (<= 2 dias);0.32;52;158;
Alto Araguaia;2024;Poliomielite;1;159;158;
Alto Araguaia;2024;Pneumocócica Conjugada;1.06;169;158;
Alto Araguaia;2024;Meningocócica Conjugada;1;159;158;
Alto Araguaia;2024;Pneumocócica Conjugada (1° Reforço);1.28;203;158;
Alto Araguaia;2024;Meningocócica Conjugada (1° Reforço);1.32;209;158;
Alto Araguaia;2024;Poliomielite (2° Reforço);0.71;141;197;
Alto Araguaia;2024;DTP (2° Reforço);0.83;165;197;
Alto Araguaia;2024;Febre Amarela (Reforço);0.8;159;197;
Alto Araguaia;2024;Varicela - 2° dose;0.64;127;197;
Alto Araguaia;2025;DTP (1° Reforço);1.1;174;158;95
Alto Araguaia;2025;Penta (DTP/HepB/Hib);1.11;176;158;95
Alto Araguaia;2025;BCG;1.06;168;158;90
Alto Araguaia;2025;Rotavírus;1.05;166;158;90
Alto Araguaia;2025;Tríplice Viral - 1° Dose;1;158;158;95
Alto Araguaia;2025;Hepatite A Infantil;1.08;172;158;95
Alto Araguaia;2025;Febre Amarela;0.91;145;158;95
Alto Araguaia;2025;Tríplice Viral - 2° Dose;1.03;164;158;95
Alto Araguaia;2025;Varicela;1.04;165;158;95
Alto Araguaia;2025;Poliomielite (1° Reforço);1.11;176;158;
Alto Araguaia;2025;Hepatite B (<= 30 dias);1.06;169;158;
Alto Araguaia;2025;Hepatite B (<= 1 dia);0.25;41;158;
Alto Araguaia;2025;Hepatite B (<= 2 dias);0.32;51;158;
Alto Araguaia;2025;Poliomielite;1.1;175;158;
Alto Araguaia;2025;Pneumocócica Conjugada;1.05;166;158;
Alto Araguaia;2025;Meningocócica Conjugada;1.1;174;158;
Alto Araguaia;2025;Pneumocócica Conjugada (1° Reforço);0.97;154;158;
Alto Araguaia;2025;Meningocócica Conjugada (1° Reforço);0.99;157;158;
Alto Araguaia;2025;DTP (2° Reforço);0.87;159;182;
Alto Araguaia;2025;Febre Amarela (Reforço);0.9;165;182;
Alto Araguaia;2025;Varicela - 2° dose;0.9;164;182;
Alto Araguaia;2026;Pneumo 10 (1° Reforço);1.25;90;72;95
Alto Araguaia;2026;DTP (1° Reforço);1.09;79;72;95
Alto Araguaia;2026;Penta (DTP/HepB/Hib);0.93;67;72;95
Alto Araguaia;2026;BCG;1.05;76;72;90
Alto Araguaia;2026;Rotavírus;1.04;75;72;90
Alto Araguaia;2026;Tríplice Viral - 1° Dose;1.44;104;72;95
Alto Araguaia;2026;Pneumo 10;0.98;71;72;95
Alto Araguaia;2026;Hepatite A Infantil;1.05;76;72;95
Alto Araguaia;2026;Febre Amarela;0.93;67;72;95
Alto Araguaia;2026;Tríplice Viral - 2° Dose;1.02;74;72;95
Alto Araguaia;2026;Varicela;1.02;74;72;95
Alto Araguaia;2026;Pneumo 20 (1° Reforço);0.08;6;72;
Alto Araguaia;2026;Poliomielite (1° Reforço);1.06;77;72;
Alto Araguaia;2026;Hepatite B (<= 30 dias);1.12;81;72;
Alto Araguaia;2026;Hepatite B (<= 1 dia);0.27;20;72;
Alto Araguaia;2026;Hepatite B (<= 2 dias);0.33;24;72;
Alto Araguaia;2026;Poliomielite;0.93;67;72;
Alto Araguaia;2026;Pneumocócica Conjugada;1.04;75;72;
Alto Araguaia;2026;Pneumo 20;0.08;6;72;
Alto Araguaia;2026;Meningocócica Conjugada;0.93;67;72;
Alto Araguaia;2026;Pneumocócica Conjugada (1° Reforço);1.3;94;72;
Alto Araguaia;2026;Meningocócica Conjugada (1° Reforço);1.38;100;72;
Alto Araguaia;2026;DTP (2° Reforço);0.98;97;98;
Alto Araguaia;2026;Febre Amarela (Reforço);0.97;96;98;
Alto Araguaia;2026;Varicela - 2° dose;0.98;97;98;
Arenápolis;2021;Polio Injetável (VIP);0.73;101;138;95
Arenápolis;2021;Pneumo 10 (1° Reforço);0.85;118;138;95
Arenápolis;2021;Penta (DTP/HepB/Hib);0.72;100;138;95
Arenápolis;2021;BCG;1.03;143;138;90
Arenápolis;2021;Rotavírus;0.86;119;138;90
Arenápolis;2021;Tríplice Viral - 1° Dose;0.85;118;138;95
Arenápolis;2021;Pneumo 10;0.88;122;138;95
Arenápolis;2021;Hepatite A Infantil;0.89;123;138;95
Arenápolis;2021;Febre Amarela;0.74;103;138;95
Arenápolis;2021;Tríplice Viral - 2° Dose;0.15;22;138;95
Arenápolis;2021;Varicela;0.61;85;138;95
Arenápolis;2021;Meningocócica Conjugada (1° Reforço);0.85;118;138;
Arenápolis;2021;Polio Injetável (VIP) (Reforço);0.68;94;138;95
Arenápolis;2021;Hepatite B (< 30 dias);1;138;138;
Arenápolis;2022;Polio Injetável (VIP);1.67;174;104;95
Arenápolis;2022;Pneumo 10 (1° Reforço);1.5;156;104;95
Arenápolis;2022;Penta (DTP/HepB/Hib);1.67;174;104;95
Arenápolis;2022;BCG;1.63;170;104;90
Arenápolis;2022;Rotavírus;1.59;166;104;90
Arenápolis;2022;Tríplice Viral - 1° Dose;1.53;160;104;95
Arenápolis;2022;Pneumo 10;1.75;182;104;95
Arenápolis;2022;Hepatite A Infantil;1.15;120;104;95
Arenápolis;2022;Febre Amarela;1.31;137;104;95
Arenápolis;2022;Tríplice Viral - 2° Dose;0.43;45;104;95
Arenápolis;2022;Varicela;0.98;102;104;95
Arenápolis;2022;Meningocócica Conjugada (1° Reforço);1.47;153;104;
Arenápolis;2022;Polio Injetável (VIP) (Reforço);1.15;120;104;95
Arenápolis;2022;Hepatite B (< 30 dias);1.51;158;104;
Arenápolis;2023;Polio Injetável (VIP);1.01;167;164;95
Arenápolis;2023;Meningo C;0.97;160;164;95
Arenápolis;2023;Pneumo 10 (1° Reforço);0.98;161;164;95
Arenápolis;2023;Hepatite B (< 30 Dias);1.02;168;164;95
Arenápolis;2023;DTP (1° Reforço);1.03;169;164;95
Arenápolis;2023;DTP;1.02;168;164;95
Arenápolis;2023;Penta (DTP/HepB/Hib);1.02;168;164;95
Arenápolis;2023;dTpa Adulto;0.77;127;164;100
Arenápolis;2023;BCG;1.06;174;164;90
Arenápolis;2023;Rotavírus;1.02;168;164;90
Arenápolis;2023;Tríplice Viral - 1° Dose;1;164;164;95
Arenápolis;2023;Pneumo 10;1.03;169;164;95
Arenápolis;2023;Polio Oral Bivalente;1.08;178;164;95
Arenápolis;2023;Hepatite A Infantil;1.07;176;164;95
Arenápolis;2023;Meningo C (1° Reforço);1;164;164;95
Arenápolis;2023;Hepatite B;1.02;168;164;95
Arenápolis;2023;Febre Amarela;0.83;137;164;95
Arenápolis;2023;Tríplice Viral - 2° Dose;0.53;87;164;95
Arenápolis;2023;Varicela;0.88;145;164;95
Arenápolis;2024;DTP (1° Reforço);0.83;138;166;95
Arenápolis;2024;Penta (DTP/HepB/Hib);0.93;156;166;95
Arenápolis;2024;BCG;0.93;156;166;90
Arenápolis;2024;Rotavírus;0.89;149;166;90
Arenápolis;2024;Tríplice Viral - 1° Dose;0.93;155;166;95
Arenápolis;2024;Hepatite A Infantil;0.83;139;166;95
Arenápolis;2024;Febre Amarela;0.79;132;166;95
Arenápolis;2024;Tríplice Viral - 2° Dose;0.81;135;166;95
Arenápolis;2024;Varicela;0.8;134;166;95
Arenápolis;2024;Poliomielite (1° Reforço);0.83;138;166;
Arenápolis;2024;Hepatite B (<= 30 dias);0.93;156;166;
Arenápolis;2024;Hepatite B (<= 1 dia);0;1;166;
Arenápolis;2024;Hepatite B (<= 2 dias);0.03;5;166;
Arenápolis;2024;Poliomielite;0.94;157;166;
Arenápolis;2024;Pneumocócica Conjugada;0.89;149;166;
Arenápolis;2024;Meningocócica Conjugada;0.97;162;166;
Arenápolis;2024;Pneumocócica Conjugada (1° Reforço);0.93;155;166;
Arenápolis;2024;Meningocócica Conjugada (1° Reforço);0.93;155;166;
Arenápolis;2024;Poliomielite (2° Reforço);1.1;115;104;
Arenápolis;2024;DTP (2° Reforço);1.25;131;104;
Arenápolis;2024;Febre Amarela (Reforço);1.11;116;104;
Arenápolis;2024;Varicela - 2° dose;0.73;76;104;
Arenápolis;2025;DTP (1° Reforço);0.95;159;166;95
Arenápolis;2025;Penta (DTP/HepB/Hib);0.9;151;166;95
Arenápolis;2025;BCG;0.95;159;166;90
Arenápolis;2025;Rotavírus;0.9;150;166;90
Arenápolis;2025;Tríplice Viral - 1° Dose;0.95;158;166;95
Arenápolis;2025;Hepatite A Infantil;0.94;157;166;95
Arenápolis;2025;Febre Amarela;0.93;155;166;95
Arenápolis;2025;Tríplice Viral - 2° Dose;0.89;149;166;95
Arenápolis;2025;Varicela;0.89;149;166;95
Arenápolis;2025;Poliomielite (1° Reforço);0.93;156;166;
Arenápolis;2025;Hepatite B (<= 30 dias);0.93;155;166;
Arenápolis;2025;Hepatite B (<= 1 dia);0.01;3;166;
Arenápolis;2025;Hepatite B (<= 2 dias);0.03;5;166;
Arenápolis;2025;Poliomielite;0.9;150;166;
Arenápolis;2025;Pneumocócica Conjugada;0.92;154;166;
Arenápolis;2025;Meningocócica Conjugada;0.95;158;166;
Arenápolis;2025;Pneumocócica Conjugada (1° Reforço);0.92;153;166;
Arenápolis;2025;Meningocócica Conjugada (1° Reforço);0.93;156;166;
Arenápolis;2025;DTP (2° Reforço);0.73;138;189;
Arenápolis;2025;Febre Amarela (Reforço);0.65;123;189;
Arenápolis;2025;Varicela - 2° dose;0.51;97;189;
Arenápolis;2026;Pneumo 10 (1° Reforço);0.73;66;90;95
Arenápolis;2026;DTP (1° Reforço);0.68;62;90;95
Arenápolis;2026;Penta (DTP/HepB/Hib);0.9;81;90;95
Arenápolis;2026;BCG;0.82;74;90;90
Arenápolis;2026;Rotavírus;0.81;73;90;90
Arenápolis;2026;Tríplice Viral - 1° Dose;0.71;64;90;95
Arenápolis;2026;Pneumo 10;0.8;72;90;95
Arenápolis;2026;Hepatite A Infantil;0.67;61;90;95
Arenápolis;2026;Febre Amarela;0.76;69;90;95
Arenápolis;2026;Tríplice Viral - 2° Dose;0.7;63;90;95
Arenápolis;2026;Varicela;0.66;60;90;95
Arenápolis;2026;Pneumo 20 (1° Reforço);0.03;3;90;
Arenápolis;2026;Poliomielite (1° Reforço);0.67;61;90;
Arenápolis;2026;Hepatite B (<= 30 dias);0.81;73;90;
Arenápolis;2026;Hepatite B (<= 1 dia);0.04;4;90;
Arenápolis;2026;Hepatite B (<= 2 dias);0.04;4;90;
Arenápolis;2026;Poliomielite;0.88;80;90;
Arenápolis;2026;Pneumocócica Conjugada;0.82;74;90;
Arenápolis;2026;Pneumo 20;0.03;3;90;
Arenápolis;2026;Meningocócica Conjugada;0.83;75;90;
Arenápolis;2026;Pneumocócica Conjugada (1° Reforço);0.74;67;90;
Arenápolis;2026;Meningocócica Conjugada (1° Reforço);0.76;69;90;
Arenápolis;2026;DTP (2° Reforço);0.77;73;94;
Arenápolis;2026;Febre Amarela (Reforço);0.73;69;94;
Arenápolis;2026;Varicela - 2° dose;0.91;86;94;
Canarana;2021;Polio Injetável (VIP);0.81;342;420;95
Canarana;2021;Pneumo 10 (1° Reforço);0.67;285;420;95
Canarana;2021;Penta (DTP/HepB/Hib);0.79;334;420;95
Canarana;2021;BCG;1.17;492;420;90
Canarana;2021;Rotavírus;0.8;336;420;90
Canarana;2021;Tríplice Viral - 1° Dose;0.76;323;420;95
Canarana;2021;Pneumo 10;0.82;345;420;95
Canarana;2021;Hepatite A Infantil;0.61;259;420;95
Canarana;2021;Febre Amarela;0.66;281;420;95
Canarana;2021;Tríplice Viral - 2° Dose;0.61;257;420;95
Canarana;2021;Varicela;0.69;292;420;95
Canarana;2021;Meningocócica Conjugada (1° Reforço);0.7;298;420;
Canarana;2021;Polio Injetável (VIP) (Reforço);0.65;275;420;95
Canarana;2021;Hepatite B (< 30 dias);0.95;403;420;
Canarana;2022;Polio Injetável (VIP);1.02;445;436;95
Canarana;2022;Pneumo 10 (1° Reforço);0.91;401;436;95
Canarana;2022;Penta (DTP/HepB/Hib);1.03;450;436;95
Canarana;2022;BCG;1.24;543;436;90
Canarana;2022;Rotavírus;1.04;457;436;90
Canarana;2022;Tríplice Viral - 1° Dose;1.09;479;436;95
Canarana;2022;Pneumo 10;1.1;482;436;95
Canarana;2022;Hepatite A Infantil;0.86;375;436;95
Canarana;2022;Febre Amarela;0.78;343;436;95
Canarana;2022;Tríplice Viral - 2° Dose;0.73;320;436;95
Canarana;2022;Varicela;0.82;360;436;95
Canarana;2022;Meningocócica Conjugada (1° Reforço);0.88;384;436;
Canarana;2022;Polio Injetável (VIP) (Reforço);0.82;358;436;95
Canarana;2022;Hepatite B (< 30 dias);1.3;569;436;
Canarana;2023;Polio Injetável (VIP);1.02;499;485;95
Canarana;2023;Meningo C;1.07;521;485;95
Canarana;2023;Pneumo 10 (1° Reforço);0.92;448;485;95
Canarana;2023;Hepatite B (< 30 Dias);0.92;449;485;95
Canarana;2023;DTP (1° Reforço);0.86;419;485;95
Canarana;2023;DTP;1.02;499;485;95
Canarana;2023;Penta (DTP/HepB/Hib);1.02;499;485;95
Canarana;2023;dTpa Adulto;0.74;362;485;100
Canarana;2023;BCG;0.95;463;485;90
Canarana;2023;Rotavírus;1;485;485;90
Canarana;2023;Tríplice Viral - 1° Dose;0.96;469;485;95
Canarana;2023;Pneumo 10;1.04;509;485;95
Canarana;2023;Polio Oral Bivalente;0.86;419;485;95
Canarana;2023;Hepatite A Infantil;0.9;438;485;95
Canarana;2023;Meningo C (1° Reforço);0.95;461;485;95
Canarana;2023;Hepatite B;1.02;499;485;95
Canarana;2023;Febre Amarela;0.88;428;485;95
Canarana;2023;Tríplice Viral - 2° Dose;0.82;400;485;95
Canarana;2023;Varicela;0.72;352;485;95
Canarana;2024;DTP (1° Reforço);0.94;459;485;95
Canarana;2024;Penta (DTP/HepB/Hib);0.89;434;485;95
Canarana;2024;BCG;0.92;451;485;90
Canarana;2024;Rotavírus;0.86;420;485;90
Canarana;2024;Tríplice Viral - 1° Dose;0.96;469;485;95
Canarana;2024;Hepatite A Infantil;0.95;464;485;95
Canarana;2024;Febre Amarela;0.87;426;485;95
Canarana;2024;Tríplice Viral - 2° Dose;0.9;440;485;95
Canarana;2024;Varicela;0.97;471;485;95
Canarana;2024;Poliomielite (1° Reforço);0.94;459;485;
Canarana;2024;Hepatite B (<= 30 dias);0.9;437;485;
Canarana;2024;Hepatite B (<= 1 dia);0.68;331;485;
Canarana;2024;Hepatite B (<= 2 dias);0.7;342;485;
Canarana;2024;Poliomielite;0.89;432;485;
Canarana;2024;Pneumocócica Conjugada;0.89;434;485;
Canarana;2024;Meningocócica Conjugada;0.92;451;485;
Canarana;2024;Pneumocócica Conjugada (1° Reforço);0.94;458;485;
Canarana;2024;Meningocócica Conjugada (1° Reforço);0.91;444;485;
Canarana;2024;Poliomielite (2° Reforço);0.86;378;436;
Canarana;2024;DTP (2° Reforço);0.88;388;436;
Canarana;2024;Febre Amarela (Reforço);0.88;386;436;
Canarana;2024;Varicela - 2° dose;0.47;209;436;
Canarana;2025;DTP (1° Reforço);0.84;411;485;95
Canarana;2025;Penta (DTP/HepB/Hib);0.92;450;485;95
Canarana;2025;BCG;0.94;460;485;90
Canarana;2025;Rotavírus;0.93;452;485;90
Canarana;2025;Tríplice Viral - 1° Dose;0.96;470;485;95
Canarana;2025;Hepatite A Infantil;0.89;433;485;95
Canarana;2025;Febre Amarela;0.74;363;485;95
Canarana;2025;Tríplice Viral - 2° Dose;0.86;419;485;95
Canarana;2025;Varicela;0.85;416;485;95
Canarana;2025;Poliomielite (1° Reforço);0.88;430;485;
Canarana;2025;Hepatite B (<= 30 dias);0.89;434;485;
Canarana;2025;Hepatite B (<= 1 dia);0.66;321;485;
Canarana;2025;Hepatite B (<= 2 dias);0.68;330;485;
Canarana;2025;Poliomielite;0.92;451;485;
Canarana;2025;Pneumocócica Conjugada;0.97;474;485;
Canarana;2025;Meningocócica Conjugada;0.92;448;485;
Canarana;2025;Pneumocócica Conjugada (1° Reforço);0.89;436;485;
Canarana;2025;Meningocócica Conjugada (1° Reforço);0.91;442;485;
Canarana;2025;DTP (2° Reforço);0.92;435;470;
Canarana;2025;Febre Amarela (Reforço);0.91;431;470;
Canarana;2025;Varicela - 2° dose;0.82;388;470;
Canarana;2026;Pneumo 10 (1° Reforço);0.82;199;240;95
Canarana;2026;DTP (1° Reforço);0.78;188;240;95
Canarana;2026;Penta (DTP/HepB/Hib);0.82;197;240;95
Canarana;2026;BCG;0.9;218;240;90
Canarana;2026;Rotavírus;0.75;180;240;90
Canarana;2026;Tríplice Viral - 1° Dose;0.96;231;240;95
Canarana;2026;Pneumo 10;0.67;161;240;95
Canarana;2026;Hepatite A Infantil;0.89;214;240;95
Canarana;2026;Febre Amarela;0.86;208;240;95
Canarana;2026;Tríplice Viral - 2° Dose;0.84;203;240;95
Canarana;2026;Varicela;0.82;198;240;95
Canarana;2026;Pneumo 20 (1° Reforço);0.08;21;240;
Canarana;2026;Poliomielite (1° Reforço);0.89;215;240;
Canarana;2026;Hepatite B (<= 30 dias);0.89;215;240;
Canarana;2026;Hepatite B (<= 1 dia);0.71;172;240;
Canarana;2026;Hepatite B (<= 2 dias);0.72;174;240;
Canarana;2026;Poliomielite;0.83;201;240;
Canarana;2026;Pneumocócica Conjugada;0.77;186;240;
Canarana;2026;Pneumo 20;0.1;25;240;
Canarana;2026;Meningocócica Conjugada;0.82;198;240;
Canarana;2026;Pneumocócica Conjugada (1° Reforço);0.91;219;240;
Canarana;2026;Meningocócica Conjugada (1° Reforço);0.97;233;240;
Canarana;2026;DTP (2° Reforço);0.75;175;232;
Canarana;2026;Febre Amarela (Reforço);0.78;183;232;
Canarana;2026;Varicela - 2° dose;0.82;191;232;
Ribeirão Cascalheira;2021;Polio Injetável (VIP);0.53;94;175;95
Ribeirão Cascalheira;2021;Pneumo 10 (1° Reforço);0.48;84;175;95
Ribeirão Cascalheira;2021;Penta (DTP/HepB/Hib);0.57;100;175;95
Ribeirão Cascalheira;2021;BCG;0.61;108;175;90
Ribeirão Cascalheira;2021;Rotavírus;0.65;114;175;90
Ribeirão Cascalheira;2021;Tríplice Viral - 1° Dose;0.6;105;175;95
Ribeirão Cascalheira;2021;Pneumo 10;0.7;123;175;95
Ribeirão Cascalheira;2021;Hepatite A Infantil;0.34;60;175;95
Ribeirão Cascalheira;2021;Febre Amarela;0.44;78;175;95
Ribeirão Cascalheira;2021;Tríplice Viral - 2° Dose;0.2;36;175;95
Ribeirão Cascalheira;2021;Varicela;0.48;85;175;95
Ribeirão Cascalheira;2021;Meningocócica Conjugada (1° Reforço);0.48;84;175;
Ribeirão Cascalheira;2021;Polio Injetável (VIP) (Reforço);0.31;55;175;95
Ribeirão Cascalheira;2021;Hepatite B (< 30 dias);0.53;94;175;
Ribeirão Cascalheira;2022;Polio Injetável (VIP);0.69;118;171;95
Ribeirão Cascalheira;2022;Pneumo 10 (1° Reforço);0.69;119;171;95
Ribeirão Cascalheira;2022;Penta (DTP/HepB/Hib);0.7;120;171;95
Ribeirão Cascalheira;2022;BCG;0.8;138;171;90
Ribeirão Cascalheira;2022;Rotavírus;0.66;113;171;90
Ribeirão Cascalheira;2022;Tríplice Viral - 1° Dose;0.73;126;171;95
Ribeirão Cascalheira;2022;Pneumo 10;0.84;144;171;95
Ribeirão Cascalheira;2022;Hepatite A Infantil;0.62;107;171;95
Ribeirão Cascalheira;2022;Febre Amarela;0.47;81;171;95
Ribeirão Cascalheira;2022;Tríplice Viral - 2° Dose;0.37;64;171;95
Ribeirão Cascalheira;2022;Varicela;0.66;113;171;95
Ribeirão Cascalheira;2022;Meningocócica Conjugada (1° Reforço);0.7;121;171;
Ribeirão Cascalheira;2022;Polio Injetável (VIP) (Reforço);0.63;108;171;95
Ribeirão Cascalheira;2022;Hepatite B (< 30 dias);0.83;142;171;
Ribeirão Cascalheira;2023;Polio Injetável (VIP);1.12;168;149;95
Ribeirão Cascalheira;2023;Meningo C;1.1;164;149;95
Ribeirão Cascalheira;2023;Pneumo 10 (1° Reforço);1.31;196;149;95
Ribeirão Cascalheira;2023;Hepatite B (< 30 Dias);0.89;134;149;95
Ribeirão Cascalheira;2023;DTP (1° Reforço);1.19;178;149;95
Ribeirão Cascalheira;2023;DTP;1.12;168;149;95
Ribeirão Cascalheira;2023;Penta (DTP/HepB/Hib);1.12;168;149;95
Ribeirão Cascalheira;2023;dTpa Adulto;0.87;131;149;100
Ribeirão Cascalheira;2023;BCG;0.99;148;149;90
Ribeirão Cascalheira;2023;Rotavírus;1.04;156;149;90
Ribeirão Cascalheira;2023;Tríplice Viral - 1° Dose;1.24;186;149;95
Ribeirão Cascalheira;2023;Pneumo 10;1.05;157;149;95
Ribeirão Cascalheira;2023;Polio Oral Bivalente;1.13;169;149;95
Ribeirão Cascalheira;2023;Hepatite A Infantil;1.23;184;149;95
Ribeirão Cascalheira;2023;Meningo C (1° Reforço);1.21;181;149;95
Ribeirão Cascalheira;2023;Hepatite B;1.12;168;149;95
Ribeirão Cascalheira;2023;Febre Amarela;1.03;154;149;95
Ribeirão Cascalheira;2023;Tríplice Viral - 2° Dose;0.93;139;149;95
Ribeirão Cascalheira;2023;Varicela;0.83;125;149;95
Ribeirão Cascalheira;2024;DTP (1° Reforço);1.29;170;131;95
Ribeirão Cascalheira;2024;Penta (DTP/HepB/Hib);1.19;157;131;95
Ribeirão Cascalheira;2024;BCG;1.17;154;131;90
Ribeirão Cascalheira;2024;Rotavírus;1.17;154;131;90
Ribeirão Cascalheira;2024;Tríplice Viral - 1° Dose;1.29;170;131;95
Ribeirão Cascalheira;2024;Hepatite A Infantil;1.25;165;131;95
Ribeirão Cascalheira;2024;Febre Amarela;1.15;151;131;95
Ribeirão Cascalheira;2024;Tríplice Viral - 2° Dose;1.25;164;131;95
Ribeirão Cascalheira;2024;Varicela;1.29;170;131;95
Ribeirão Cascalheira;2024;Poliomielite (1° Reforço);1.32;174;131;
Ribeirão Cascalheira;2024;Hepatite B (<= 30 dias);1.05;138;131;
Ribeirão Cascalheira;2024;Hepatite B (<= 1 dia);0.05;7;131;
Ribeirão Cascalheira;2024;Hepatite B (<= 2 dias);0.06;8;131;
Ribeirão Cascalheira;2024;Poliomielite;1.16;153;131;
Ribeirão Cascalheira;2024;Pneumocócica Conjugada;1.24;163;131;
Ribeirão Cascalheira;2024;Meningocócica Conjugada;1.1;145;131;
Ribeirão Cascalheira;2024;Pneumocócica Conjugada (1° Reforço);1.27;167;131;
Ribeirão Cascalheira;2024;Meningocócica Conjugada (1° Reforço);1.25;164;131;
Ribeirão Cascalheira;2024;Poliomielite (2° Reforço);0.83;143;171;
Ribeirão Cascalheira;2024;DTP (2° Reforço);0.86;148;171;
Ribeirão Cascalheira;2024;Febre Amarela (Reforço);0.77;133;171;
Ribeirão Cascalheira;2024;Varicela - 2° dose;0.47;82;171;
Ribeirão Cascalheira;2025;DTP (1° Reforço);1.06;140;131;95
Ribeirão Cascalheira;2025;Penta (DTP/HepB/Hib);1.06;140;131;95
Ribeirão Cascalheira;2025;BCG;1.04;137;131;90
Ribeirão Cascalheira;2025;Rotavírus;1.12;147;131;90
Ribeirão Cascalheira;2025;Tríplice Viral - 1° Dose;1.22;160;131;95
Ribeirão Cascalheira;2025;Hepatite A Infantil;1.12;147;131;95
Ribeirão Cascalheira;2025;Febre Amarela;1.01;133;131;95
Ribeirão Cascalheira;2025;Tríplice Viral - 2° Dose;1;131;131;95
Ribeirão Cascalheira;2025;Varicela;1.02;134;131;95
Ribeirão Cascalheira;2025;Poliomielite (1° Reforço);1.11;146;131;
Ribeirão Cascalheira;2025;Hepatite B (<= 30 dias);0.93;122;131;
Ribeirão Cascalheira;2025;Hepatite B (<= 1 dia);0.03;5;131;
Ribeirão Cascalheira;2025;Hepatite B (<= 2 dias);0.04;6;131;
Ribeirão Cascalheira;2025;Poliomielite;1.15;151;131;
Ribeirão Cascalheira;2025;Pneumocócica Conjugada;1.19;157;131;
Ribeirão Cascalheira;2025;Meningocócica Conjugada;1.2;158;131;
Ribeirão Cascalheira;2025;Pneumocócica Conjugada (1° Reforço);1.25;165;131;
Ribeirão Cascalheira;2025;Meningocócica Conjugada (1° Reforço);1.22;160;131;
Ribeirão Cascalheira;2025;DTP (2° Reforço);1.03;163;158;
Ribeirão Cascalheira;2025;Febre Amarela (Reforço);1.02;162;158;
Ribeirão Cascalheira;2025;Varicela - 2° dose;1.05;166;158;
Ribeirão Cascalheira;2026;Pneumo 10 (1° Reforço);0.95;57;60;95
Ribeirão Cascalheira;2026;DTP (1° Reforço);1.05;63;60;95
Ribeirão Cascalheira;2026;Penta (DTP/HepB/Hib);1.05;63;60;95
Ribeirão Cascalheira;2026;BCG;0.78;47;60;90
Ribeirão Cascalheira;2026;Rotavírus;1.05;63;60;90
Ribeirão Cascalheira;2026;Tríplice Viral - 1° Dose;1.16;70;60;95
Ribeirão Cascalheira;2026;Pneumo 10;0.93;56;60;95
Ribeirão Cascalheira;2026;Hepatite A Infantil;1.1;66;60;95
Ribeirão Cascalheira;2026;Febre Amarela;1.16;70;60;95
Ribeirão Cascalheira;2026;Tríplice Viral - 2° Dose;1.01;61;60;95
Ribeirão Cascalheira;2026;Varicela;1.08;65;60;95
Ribeirão Cascalheira;2026;Pneumo 20 (1° Reforço);0.03;2;60;
Ribeirão Cascalheira;2026;Poliomielite (1° Reforço);1.1;66;60;
Ribeirão Cascalheira;2026;Hepatite B (<= 30 dias);0.9;54;60;
Ribeirão Cascalheira;2026;Hepatite B (<= 1 dia);0.06;4;60;
Ribeirão Cascalheira;2026;Hepatite B (<= 2 dias);0.11;7;60;
Ribeirão Cascalheira;2026;Poliomielite;1.11;67;60;
Ribeirão Cascalheira;2026;Pneumocócica Conjugada;0.98;59;60;
Ribeirão Cascalheira;2026;Pneumo 20;0.05;3;60;
Ribeirão Cascalheira;2026;Meningocócica Conjugada;1.1;66;60;
Ribeirão Cascalheira;2026;Pneumocócica Conjugada (1° Reforço);0.95;57;60;
Ribeirão Cascalheira;2026;Meningocócica Conjugada (1° Reforço);1;60;60;
Ribeirão Cascalheira;2026;DTP (2° Reforço);0.83;70;84;
Ribeirão Cascalheira;2026;Febre Amarela (Reforço);0.73;62;84;
Ribeirão Cascalheira;2026;Varicela - 2° dose;0.72;61;84;
São Félix do Araguaia;2021;Polio Injetável (VIP);1.04;110;105;95
São Félix do Araguaia;2021;Pneumo 10 (1° Reforço);0.82;87;105;95
São Félix do Araguaia;2021;Penta (DTP/HepB/Hib);1.06;112;105;95
São Félix do Araguaia;2021;BCG;0.6;64;105;90
São Félix do Araguaia;2021;Rotavírus;0.86;91;105;90
São Félix do Araguaia;2021;Tríplice Viral - 1° Dose;0.88;93;105;95
São Félix do Araguaia;2021;Pneumo 10;1;106;105;95
São Félix do Araguaia;2021;Hepatite A Infantil;0.59;62;105;95
São Félix do Araguaia;2021;Febre Amarela;0.67;71;105;95
São Félix do Araguaia;2021;Tríplice Viral - 2° Dose;0.37;39;105;95
São Félix do Araguaia;2021;Varicela;0.78;82;105;95
São Félix do Araguaia;2021;Meningocócica Conjugada (1° Reforço);0.92;97;105;
São Félix do Araguaia;2021;Polio Injetável (VIP) (Reforço);0.8;85;105;95
São Félix do Araguaia;2021;Hepatite B (< 30 dias);0.57;60;105;
São Félix do Araguaia;2022;Polio Injetável (VIP);0.77;122;157;95
São Félix do Araguaia;2022;Pneumo 10 (1° Reforço);0.65;103;157;95
São Félix do Araguaia;2022;Penta (DTP/HepB/Hib);0.73;116;157;95
São Félix do Araguaia;2022;BCG;0.8;126;157;90
São Félix do Araguaia;2022;Rotavírus;0.68;108;157;90
São Félix do Araguaia;2022;Tríplice Viral - 1° Dose;0.57;90;157;95
São Félix do Araguaia;2022;Pneumo 10;0.83;131;157;95
São Félix do Araguaia;2022;Hepatite A Infantil;0.61;96;157;95
São Félix do Araguaia;2022;Febre Amarela;0.57;91;157;95
São Félix do Araguaia;2022;Tríplice Viral - 2° Dose;0.16;26;157;95
São Félix do Araguaia;2022;Varicela;0.54;85;157;95
São Félix do Araguaia;2022;Meningocócica Conjugada (1° Reforço);0.63;100;157;
São Félix do Araguaia;2022;Polio Injetável (VIP) (Reforço);0.68;108;157;95
São Félix do Araguaia;2022;Hepatite B (< 30 dias);0.67;106;157;
São Félix do Araguaia;2023;Polio Injetável (VIP);1.36;179;131;95
São Félix do Araguaia;2023;Meningo C;1.22;160;131;95
São Félix do Araguaia;2023;Pneumo 10 (1° Reforço);1.22;161;131;95
São Félix do Araguaia;2023;Hepatite B (< 30 Dias);1.11;146;131;95
São Félix do Araguaia;2023;DTP (1° Reforço);1.23;162;131;95
São Félix do Araguaia;2023;DTP;1.37;180;131;95
São Félix do Araguaia;2023;Penta (DTP/HepB/Hib);1.37;180;131;95
São Félix do Araguaia;2023;dTpa Adulto;0.86;113;131;100
São Félix do Araguaia;2023;BCG;1.23;162;131;90
São Félix do Araguaia;2023;Rotavírus;1.19;156;131;90
São Félix do Araguaia;2023;Tríplice Viral - 1° Dose;1.21;159;131;95
São Félix do Araguaia;2023;Pneumo 10;1.3;171;131;95
São Félix do Araguaia;2023;Polio Oral Bivalente;1.19;156;131;95
São Félix do Araguaia;2023;Hepatite A Infantil;1.28;168;131;95
São Félix do Araguaia;2023;Meningo C (1° Reforço);1.32;173;131;95
São Félix do Araguaia;2023;Hepatite B;1.38;181;131;95
São Félix do Araguaia;2023;Febre Amarela;0.96;126;131;95
São Félix do Araguaia;2023;Tríplice Viral - 2° Dose;0.92;121;131;95
São Félix do Araguaia;2023;Varicela;1.57;206;131;95
São Félix do Araguaia;2024;DTP (1° Reforço);1.31;163;124;95
São Félix do Araguaia;2024;Penta (DTP/HepB/Hib);1.08;134;124;95
São Félix do Araguaia;2024;BCG;1.04;130;124;90
São Félix do Araguaia;2024;Rotavírus;1.08;134;124;90
São Félix do Araguaia;2024;Tríplice Viral - 1° Dose;1.45;180;124;95
São Félix do Araguaia;2024;Hepatite A Infantil;1.25;156;124;95
São Félix do Araguaia;2024;Febre Amarela;1.01;126;124;95
São Félix do Araguaia;2024;Tríplice Viral - 2° Dose;1.22;152;124;95
São Félix do Araguaia;2024;Varicela;1.24;154;124;95
São Félix do Araguaia;2024;Poliomielite (1° Reforço);1.29;160;124;
São Félix do Araguaia;2024;Hepatite B (<= 30 dias);0.91;113;124;
São Félix do Araguaia;2024;Hepatite B (<= 1 dia);0.25;32;124;
São Félix do Araguaia;2024;Hepatite B (<= 2 dias);0.29;37;124;
São Félix do Araguaia;2024;Poliomielite;1.07;133;124;
São Félix do Araguaia;2024;Pneumocócica Conjugada;1.11;138;124;
São Félix do Araguaia;2024;Meningocócica Conjugada;1.16;145;124;
São Félix do Araguaia;2024;Pneumocócica Conjugada (1° Reforço);1.37;171;124;
São Félix do Araguaia;2024;Meningocócica Conjugada (1° Reforço);1.47;183;124;
São Félix do Araguaia;2024;Poliomielite (2° Reforço);1.08;170;157;
São Félix do Araguaia;2024;DTP (2° Reforço);1.14;179;157;
São Félix do Araguaia;2024;Febre Amarela (Reforço);0.99;156;157;
São Félix do Araguaia;2024;Varicela - 2° dose;0.49;78;157;
São Félix do Araguaia;2025;DTP (1° Reforço);1.1;137;124;95
São Félix do Araguaia;2025;Penta (DTP/HepB/Hib);1.08;134;124;95
São Félix do Araguaia;2025;BCG;1.13;141;124;90
São Félix do Araguaia;2025;Rotavírus;1.07;133;124;90
São Félix do Araguaia;2025;Tríplice Viral - 1° Dose;1.15;143;124;95
São Félix do Araguaia;2025;Hepatite A Infantil;1.18;147;124;95
São Félix do Araguaia;2025;Febre Amarela;0.9;112;124;95
São Félix do Araguaia;2025;Tríplice Viral - 2° Dose;0.95;119;124;95
São Félix do Araguaia;2025;Varicela;0.99;123;124;95
São Félix do Araguaia;2025;Poliomielite (1° Reforço);1.01;126;124;
São Félix do Araguaia;2025;Hepatite B (<= 30 dias);1.09;136;124;
São Félix do Araguaia;2025;Hepatite B (<= 1 dia);0.18;23;124;
São Félix do Araguaia;2025;Hepatite B (<= 2 dias);0.27;34;124;
São Félix do Araguaia;2025;Poliomielite;1.02;127;124;
São Félix do Araguaia;2025;Pneumocócica Conjugada;1.16;145;124;
São Félix do Araguaia;2025;Meningocócica Conjugada;1;125;124;
São Félix do Araguaia;2025;Pneumocócica Conjugada (1° Reforço);1.05;131;124;
São Félix do Araguaia;2025;Meningocócica Conjugada (1° Reforço);1.04;129;124;
São Félix do Araguaia;2025;DTP (2° Reforço);1.07;162;151;
São Félix do Araguaia;2025;Febre Amarela (Reforço);0.98;148;151;
São Félix do Araguaia;2025;Varicela - 2° dose;0.91;138;151;
São Félix do Araguaia;2026;Pneumo 10 (1° Reforço);1.02;70;68;95
São Félix do Araguaia;2026;DTP (1° Reforço);0.88;60;68;95
São Félix do Araguaia;2026;Penta (DTP/HepB/Hib);0.98;67;68;95
São Félix do Araguaia;2026;BCG;1.07;73;68;90
São Félix do Araguaia;2026;Rotavírus;1;68;68;90
São Félix do Araguaia;2026;Tríplice Viral - 1° Dose;1.1;75;68;95
São Félix do Araguaia;2026;Pneumo 10;1.02;70;68;95
São Félix do Araguaia;2026;Hepatite A Infantil;0.79;54;68;95
São Félix do Araguaia;2026;Febre Amarela;0.89;61;68;95
São Félix do Araguaia;2026;Tríplice Viral - 2° Dose;0.86;59;68;95
São Félix do Araguaia;2026;Varicela;0.88;60;68;95
São Félix do Araguaia;2026;Pneumo 20 (1° Reforço);0.07;5;68;
São Félix do Araguaia;2026;Poliomielite (1° Reforço);0.89;61;68;
São Félix do Araguaia;2026;Hepatite B (<= 30 dias);1.01;69;68;
São Félix do Araguaia;2026;Hepatite B (<= 1 dia);0.26;18;68;
São Félix do Araguaia;2026;Hepatite B (<= 2 dias);0.36;25;68;
São Félix do Araguaia;2026;Poliomielite;1.05;72;68;
São Félix do Araguaia;2026;Pneumocócica Conjugada;1.07;73;68;
São Félix do Araguaia;2026;Pneumo 20;0.04;3;68;
São Félix do Araguaia;2026;Meningocócica Conjugada;1.02;70;68;
São Félix do Araguaia;2026;Pneumocócica Conjugada (1° Reforço);1.04;71;68;
São Félix do Araguaia;2026;Meningocócica Conjugada (1° Reforço);1.07;73;68;
São Félix do Araguaia;2026;DTP (2° Reforço);1.08;78;72;
São Félix do Araguaia;2026;Febre Amarela (Reforço);1.06;77;72;
São Félix do Araguaia;2026;Varicela - 2° dose;0.98;71;72;
Água Boa;2021;Polio Injetável (VIP);0.79;329;415;95
Água Boa;2021;Pneumo 10 (1° Reforço);0.8;336;415;95
Água Boa;2021;Penta (DTP/HepB/Hib);0.81;337;415;95
Água Boa;2021;BCG;1.06;441;415;90
Água Boa;2021;Rotavírus;0.91;379;415;90
Água Boa;2021;Tríplice Viral - 1° Dose;0.95;396;415;95
Água Boa;2021;Pneumo 10;0.96;401;415;95
Água Boa;2021;Hepatite A Infantil;0.78;326;415;95
Água Boa;2021;Febre Amarela;0.69;290;415;95
Água Boa;2021;Tríplice Viral - 2° Dose;0.63;262;415;95
Água Boa;2021;Varicela;0.72;301;415;95
Água Boa;2021;Meningocócica Conjugada (1° Reforço);0.83;346;415;
Água Boa;2021;Polio Injetável (VIP) (Reforço);0.84;351;415;95
Água Boa;2021;Hepatite B (< 30 dias);0.98;408;415;
Água Boa;2022;Polio Injetável (VIP);1;429;426;95
Água Boa;2022;Pneumo 10 (1° Reforço);0.99;422;426;95
Água Boa;2022;Penta (DTP/HepB/Hib);0.99;423;426;95
Água Boa;2022;BCG;1.13;483;426;90
Água Boa;2022;Rotavírus;0.9;387;426;90
Água Boa;2022;Tríplice Viral - 1° Dose;1.01;433;426;95
Água Boa;2022;Pneumo 10;0.99;424;426;95
Água Boa;2022;Hepatite A Infantil;0.95;408;426;95
Água Boa;2022;Febre Amarela;0.83;354;426;95
Água Boa;2022;Tríplice Viral - 2° Dose;0.8;343;426;95
Água Boa;2022;Varicela;0.96;412;426;95
Água Boa;2022;Meningocócica Conjugada (1° Reforço);1.03;442;426;
Água Boa;2022;Polio Injetável (VIP) (Reforço);0.87;373;426;95
Água Boa;2022;Hepatite B (< 30 dias);1.02;437;426;
Água Boa;2023;Polio Injetável (VIP);0.91;466;509;95
Água Boa;2023;Meningo C;0.96;489;509;95
Água Boa;2023;Pneumo 10 (1° Reforço);0.82;419;509;95
Água Boa;2023;Hepatite B (< 30 Dias);0.97;496;509;95
Água Boa;2023;DTP (1° Reforço);0.86;440;509;95
Água Boa;2023;DTP;0.91;466;509;95
Água Boa;2023;Penta (DTP/HepB/Hib);0.91;466;509;95
Água Boa;2023;dTpa Adulto;0.97;495;509;100
Água Boa;2023;BCG;1.02;523;509;90
Água Boa;2023;Rotavírus;0.9;460;509;90
Água Boa;2023;Tríplice Viral - 1° Dose;0.87;447;509;95
Água Boa;2023;Pneumo 10;0.95;486;509;95
Água Boa;2023;Polio Oral Bivalente;0.88;451;509;95
Água Boa;2023;Hepatite A Infantil;0.91;464;509;95
Água Boa;2023;Meningo C (1° Reforço);0.88;451;509;95
Água Boa;2023;Hepatite B;0.91;466;509;95
Água Boa;2023;Febre Amarela;0.78;401;509;95
Água Boa;2023;Tríplice Viral - 2° Dose;0.83;427;509;95
Água Boa;2023;Varicela;0.73;376;509;95
Água Boa;2024;DTP (1° Reforço);1;477;473;95
Água Boa;2024;Penta (DTP/HepB/Hib);1.08;511;473;95
Água Boa;2024;BCG;1.02;486;473;90
Água Boa;2024;Rotavírus;1.09;518;473;90
Água Boa;2024;Tríplice Viral - 1° Dose;1.14;542;473;95
Água Boa;2024;Hepatite A Infantil;1.04;496;473;95
Água Boa;2024;Febre Amarela;0.95;452;473;95
Água Boa;2024;Tríplice Viral - 2° Dose;0.98;467;473;95
Água Boa;2024;Varicela;1.08;514;473;95
Água Boa;2024;Poliomielite (1° Reforço);1.05;500;473;
Água Boa;2024;Hepatite B (<= 30 dias);1;474;473;
Água Boa;2024;Hepatite B (<= 1 dia);0.05;28;473;
Água Boa;2024;Hepatite B (<= 2 dias);0.1;51;473;
Água Boa;2024;Poliomielite;1.08;511;473;
Água Boa;2024;Pneumocócica Conjugada;1.13;538;473;
Água Boa;2024;Meningocócica Conjugada;1.07;510;473;
Água Boa;2024;Pneumocócica Conjugada (1° Reforço);1.11;529;473;
Água Boa;2024;Meningocócica Conjugada (1° Reforço);1.15;547;473;
Água Boa;2024;Poliomielite (2° Reforço);1.1;469;426;
Água Boa;2024;DTP (2° Reforço);1.12;479;426;
Água Boa;2024;Febre Amarela (Reforço);1.14;486;426;
Água Boa;2024;Varicela - 2° dose;0.89;383;426;
Água Boa;2025;DTP (1° Reforço);0.93;442;473;95
Água Boa;2025;Penta (DTP/HepB/Hib);1.08;511;473;95
Água Boa;2025;BCG;1.12;533;473;90
Água Boa;2025;Rotavírus;1.03;489;473;90
Água Boa;2025;Tríplice Viral - 1° Dose;1.08;512;473;95
Água Boa;2025;Hepatite A Infantil;1.05;500;473;95
Água Boa;2025;Febre Amarela;0.9;428;473;95
Água Boa;2025;Tríplice Viral - 2° Dose;0.97;463;473;95
Água Boa;2025;Varicela;0.97;461;473;95
Água Boa;2025;Poliomielite (1° Reforço);1.03;491;473;
Água Boa;2025;Hepatite B (<= 30 dias);1.11;526;473;
Água Boa;2025;Hepatite B (<= 1 dia);0.07;36;473;
Água Boa;2025;Hepatite B (<= 2 dias);0.11;53;473;
Água Boa;2025;Poliomielite;1.07;510;473;
Água Boa;2025;Pneumocócica Conjugada;1.05;501;473;
Água Boa;2025;Meningocócica Conjugada;1.06;504;473;
Água Boa;2025;Pneumocócica Conjugada (1° Reforço);1.08;512;473;
Água Boa;2025;Meningocócica Conjugada (1° Reforço);1.05;499;473;
Água Boa;2025;DTP (2° Reforço);1.1;495;450;
Água Boa;2025;Febre Amarela (Reforço);1.12;504;450;
Água Boa;2025;Varicela - 2° dose;1.09;491;450;
Água Boa;2026;Pneumo 10 (1° Reforço);0.9;216;240;95
Água Boa;2026;DTP (1° Reforço);0.87;209;240;95
Água Boa;2026;Penta (DTP/HepB/Hib);1.07;258;240;95
Água Boa;2026;BCG;0.93;225;240;90
Água Boa;2026;Rotavírus;1.06;256;240;90
Água Boa;2026;Tríplice Viral - 1° Dose;1.11;268;240;95
Água Boa;2026;Pneumo 10;0.87;211;240;95
Água Boa;2026;Hepatite A Infantil;0.92;222;240;95
Água Boa;2026;Febre Amarela;1.11;267;240;95
Água Boa;2026;Tríplice Viral - 2° Dose;0.9;217;240;95
Água Boa;2026;Varicela;0.93;224;240;95
Água Boa;2026;Pneumo 20 (1° Reforço);0.16;39;240;
Água Boa;2026;Poliomielite (1° Reforço);0.92;221;240;
Água Boa;2026;Hepatite B (<= 30 dias);0.9;218;240;
Água Boa;2026;Hepatite B (<= 1 dia);0.03;9;240;
Água Boa;2026;Hepatite B (<= 2 dias);0.08;20;240;
Água Boa;2026;Poliomielite;1.07;258;240;
Água Boa;2026;Pneumocócica Conjugada;1.09;262;240;
Água Boa;2026;Pneumo 20;0.21;51;240;
Água Boa;2026;Meningocócica Conjugada;1.07;259;240;
Água Boa;2026;Pneumocócica Conjugada (1° Reforço);1.05;252;240;
Água Boa;2026;Meningocócica Conjugada (1° Reforço);1.1;265;240;
Água Boa;2026;DTP (2° Reforço);0.94;225;237;
Água Boa;2026;Febre Amarela (Reforço);1;237;237;
Água Boa;2026;Varicela - 2° dose;1.03;246;237;
