municipio;trimestre;beneficiarios;populacao
Alto Araguaia;2021/12;2154;19714
Alto Araguaia;2022/12;2084;17193
Alto Araguaia;2023/12;2130;17193
Alto Araguaia;2024/12;2199;17657
Alto Araguaia;2025/12;2199;17751
Alto Araguaia;2026/06;2171;17751
Arenápolis;2021/12;1448;9399
Arenápolis;2022/12;1415;10576
Arenápolis;2023/12;1392;10576
Arenápolis;2024/12;1343;10747
Arenápolis;2025/12;1376;10769
Arenápolis;2026/06;1371;10769
Canarana;2021/12;2040;22101
Canarana;2022/12;2312;25843
Canarana;2023/12;2570;25858
Canarana;2024/12;2745;27657
Canarana;2025/12;3058;28324
Canarana;2026/06;3109;28324
Ribeirão Cascalheira;2021/12;348;10450
Ribeirão Cascalheira;2022/12;328;9896
Ribeirão Cascalheira;2023/12;364;10089
Ribeirão Cascalheira;2024/12;380;10431
Ribeirão Cascalheira;2025/12;386;10541
Ribeirão Cascalheira;2026/06;379;10541
São Félix do Araguaia;2021/12;511;11934
São Félix do Araguaia;2022/12;606;13612
São Félix do Araguaia;2023/12;636;13621
São Félix do Araguaia;2024/12;605;14332
São Félix do Araguaia;2025/12;594;14604
São Félix do Araguaia;2026/06;610;14604
Água Boa;2021/12;3209;26679
Água Boa;2022/12;3394;29219
Água Boa;2023/12;3925;29219
Água Boa;2024/12;4232;31314
Água Boa;2025/12;4314;32099
Água Boa;2026/06;4375;32099
