municipio;indicador;exercicio;valor
Ribeirão Cascalheira;qsf;2020;1.21
Ribeirão Cascalheira;qsf;2021;1.68
Ribeirão Cascalheira;qsf;2022;1.19
Ribeirão Cascalheira;qsf;2023;1.67
Ribeirão Cascalheira;qsf;2024;0.84
Ribeirão Cascalheira;edu;2020;20.49
Ribeirão Cascalheira;edu;2021;18.81
Ribeirão Cascalheira;edu;2022;29.75
Ribeirão Cascalheira;edu;2023;26.96
Ribeirão Cascalheira;sau;2020;25.44
Ribeirão Cascalheira;sau;2021;23.42
Ribeirão Cascalheira;sau;2022;25.16
Ribeirão Cascalheira;sau;2023;21.41
Ribeirão Cascalheira;pes;2020;48.6
Ribeirão Cascalheira;pes;2021;46.7
Ribeirão Cascalheira;pes;2022;45.78
Ribeirão Cascalheira;pes;2023;56.66
Ribeirão Cascalheira;leg;2020;7.85
Ribeirão Cascalheira;leg;2021;5.39
Ribeirão Cascalheira;leg;2022;6.86
Ribeirão Cascalheira;leg;2023;6.71
Ribeirão Cascalheira;a167;2021;82.52
Ribeirão Cascalheira;a167;2022;102.97
Ribeirão Cascalheira;a167;2023;91.3
Ribeirão Cascalheira;a167;2024;92.61
Ribeirão Cascalheira;mag;2020;62.3
Ribeirão Cascalheira;mag;2021;44.65
Ribeirão Cascalheira;mag;2022;103.43
Ribeirão Cascalheira;mag;2023;107.49
Ribeirão Cascalheira;rtp;2020;731
Ribeirão Cascalheira;rtp;2021;504
Ribeirão Cascalheira;rtp;2022;792
Ribeirão Cascalheira;rtp;2023;1331
Ribeirão Cascalheira;rtp;2024;745
Ribeirão Cascalheira;rtp_grupo;2020;481
Ribeirão Cascalheira;rtp_grupo;2021;577
Ribeirão Cascalheira;rtp_grupo;2022;784
Ribeirão Cascalheira;rtp_grupo;2023;975
Ribeirão Cascalheira;rtp_grupo;2024;1028
Ribeirão Cascalheira;rp;2020;16.57
Ribeirão Cascalheira;rp;2021;10.36
Ribeirão Cascalheira;rp;2022;10.76
Ribeirão Cascalheira;rp;2023;18.16
Ribeirão Cascalheira;rp;2024;9.26
Ribeirão Cascalheira;ro;2020;11.4
Ribeirão Cascalheira;ro;2021;7.86
Ribeirão Cascalheira;ro;2022;-5.62
Ribeirão Cascalheira;ro;2023;-3.52
Ribeirão Cascalheira;ro;2024;-11.47
São Félix do Araguaia;qsf;2020;1.22
São Félix do Araguaia;qsf;2021;5.13
São Félix do Araguaia;qsf;2022;6.24
São Félix do Araguaia;qsf;2023;3.83
São Félix do Araguaia;qsf;2024;0.91
São Félix do Araguaia;edu;2020;34.5
São Félix do Araguaia;edu;2021;24.15
São Félix do Araguaia;edu;2022;26.37
São Félix do Araguaia;edu;2023;27.55
São Félix do Araguaia;sau;2020;25.37
São Félix do Araguaia;sau;2021;20.02
São Félix do Araguaia;sau;2022;17.44
São Félix do Araguaia;sau;2023;14.36
São Félix do Araguaia;pes;2020;51.46
São Félix do Araguaia;pes;2021;41.23
São Félix do Araguaia;pes;2022;42.07
São Félix do Araguaia;pes;2023;48.78
São Félix do Araguaia;leg;2020;6.99
São Félix do Araguaia;leg;2021;6.99
São Félix do Araguaia;leg;2022;7.0
São Félix do Araguaia;leg;2023;6.07
São Félix do Araguaia;a167;2021;81.43
São Félix do Araguaia;a167;2022;93.16
São Félix do Araguaia;a167;2023;96.76
São Félix do Araguaia;a167;2024;98.87
São Félix do Araguaia;mag;2020;83.17
São Félix do Araguaia;mag;2021;74.91
São Félix do Araguaia;mag;2022;131.46
São Félix do Araguaia;mag;2023;142.75
São Félix do Araguaia;rtp;2020;295
São Félix do Araguaia;rtp;2021;866
São Félix do Araguaia;rtp;2022;1253
São Félix do Araguaia;rtp;2023;1207
São Félix do Araguaia;rtp;2024;1060
São Félix do Araguaia;rtp_grupo;2020;481
São Félix do Araguaia;rtp_grupo;2021;577
São Félix do Araguaia;rtp_grupo;2022;784
São Félix do Araguaia;rtp_grupo;2023;975
São Félix do Araguaia;rtp_grupo;2024;1028
São Félix do Araguaia;rp;2020;5.78
São Félix do Araguaia;rp;2021;12.08
São Félix do Araguaia;rp;2022;14.42
São Félix do Araguaia;rp;2023;11.47
São Félix do Araguaia;rp;2024;10.34
São Félix do Araguaia;ro;2020;0.81
São Félix do Araguaia;ro;2021;11.54
São Félix do Araguaia;ro;2022;0.96
São Félix do Araguaia;ro;2023;2.31
São Félix do Araguaia;ro;2024;-13.5
Água Boa;qsf;2020;21.51
Água Boa;qsf;2021;5.3
Água Boa;qsf;2022;1.93
Água Boa;qsf;2023;1.66
Água Boa;qsf;2024;2.02
Água Boa;edu;2020;27.8
Água Boa;edu;2021;22.12
Água Boa;edu;2022;30.42
Água Boa;edu;2023;29.94
Água Boa;sau;2020;17.55
Água Boa;sau;2021;20.88
Água Boa;sau;2022;23.15
Água Boa;sau;2023;22.63
Água Boa;pes;2020;41.28
Água Boa;pes;2021;35.49
Água Boa;pes;2022;44.13
Água Boa;pes;2023;43.14
Água Boa;leg;2020;6.19
Água Boa;leg;2021;6.12
Água Boa;leg;2022;4.88
Água Boa;leg;2023;4.08
Água Boa;a167;2021;78.17
Água Boa;a167;2022;94.82
Água Boa;a167;2023;89.93
Água Boa;a167;2024;89.49
Água Boa;mag;2020;70.29
Água Boa;mag;2021;73.16
Água Boa;mag;2022;119.64
Água Boa;mag;2023;110.55
Água Boa;rtp;2020;836
Água Boa;rtp;2021;1208
Água Boa;rtp;2022;1407
Água Boa;rtp;2023;2040
Água Boa;rtp;2024;1764
Água Boa;rtp_grupo;2020;597
Água Boa;rtp_grupo;2021;794
Água Boa;rtp_grupo;2022;998
Água Boa;rtp_grupo;2023;1239
Água Boa;rtp_grupo;2024;1230
Água Boa;rp;2020;16.5
Água Boa;rp;2021;19.85
Água Boa;rp;2022;19.16
Água Boa;rp;2023;22.89
Água Boa;rp;2024;18.96
Água Boa;ro;2020;14.56
Água Boa;ro;2021;9.43
Água Boa;ro;2022;-11.1
Água Boa;ro;2023;-2.66
Água Boa;ro;2024;0.45
Canarana;qsf;2020;3.62
Canarana;qsf;2021;2.64
Canarana;qsf;2022;0.79
Canarana;qsf;2023;1.38
Canarana;qsf;2024;0.58
Canarana;edu;2020;26.25
Canarana;edu;2021;25.17
Canarana;edu;2022;30.69
Canarana;edu;2023;30.04
Canarana;sau;2020;22.04
Canarana;sau;2021;25.56
Canarana;sau;2022;25.64
Canarana;sau;2023;23.59
Canarana;pes;2020;48.79
Canarana;pes;2021;42.85
Canarana;pes;2022;43.66
Canarana;pes;2023;42.15
Canarana;leg;2020;5.31
Canarana;leg;2021;5.33
Canarana;leg;2022;4.51
Canarana;leg;2023;4.35
Canarana;a167;2021;88.56
Canarana;a167;2022;102.32
Canarana;a167;2023;90.67
Canarana;a167;2024;98.19
Canarana;mag;2020;71.69
Canarana;mag;2021;92.61
Canarana;mag;2022;89.26
Canarana;mag;2023;90.77
Canarana;rtp;2020;941
Canarana;rtp;2021;1395
Canarana;rtp;2022;1025
Canarana;rtp;2023;1815
Canarana;rtp;2024;1812
Canarana;rtp_grupo;2020;597
Canarana;rtp_grupo;2021;794
Canarana;rtp_grupo;2022;998
Canarana;rtp_grupo;2023;1239
Canarana;rtp_grupo;2024;1230
Canarana;rp;2020;16.21
Canarana;rp;2021;21.88
Canarana;rp;2022;16.67
Canarana;rp;2023;20.01
Canarana;rp;2024;19.98
Canarana;ro;2020;8.02
Canarana;ro;2021;-0.74
Canarana;ro;2022;-8.26
Canarana;ro;2023;3.44
Canarana;ro;2024;-7.16
Arenápolis;qsf;2020;0.86
Arenápolis;qsf;2021;1.94
Arenápolis;qsf;2022;1.2
Arenápolis;qsf;2023;2.01
Arenápolis;qsf;2024;1.57
Arenápolis;edu;2020;24.99
Arenápolis;edu;2021;18.24
Arenápolis;edu;2022;28.19
Arenápolis;edu;2023;27.48
Arenápolis;sau;2020;21.0
Arenápolis;sau;2021;29.61
Arenápolis;sau;2022;27.82
Arenápolis;sau;2023;29.18
Arenápolis;pes;2020;51.09
Arenápolis;pes;2021;43.23
Arenápolis;pes;2022;41.59
Arenápolis;pes;2023;47.36
Arenápolis;leg;2020;6.99
Arenápolis;leg;2021;6.99
Arenápolis;leg;2022;6.97
Arenápolis;leg;2023;7.0
Arenápolis;a167;2021;88.03
Arenápolis;a167;2022;99.2
Arenápolis;a167;2023;96.18
Arenápolis;a167;2024;92.05
Arenápolis;mag;2020;61.56
Arenápolis;mag;2021;57.98
Arenápolis;mag;2022;95.97
Arenápolis;mag;2023;93.55
Arenápolis;rtp;2020;295
Arenápolis;rtp;2021;357
Arenápolis;rtp;2022;409
Arenápolis;rtp;2023;519
Arenápolis;rtp;2024;609
Arenápolis;rtp_grupo;2020;420
Arenápolis;rtp_grupo;2021;667
Arenápolis;rtp_grupo;2022;784
Arenápolis;rtp_grupo;2023;975
Arenápolis;rtp_grupo;2024;1028
Arenápolis;rp;2020;8.39
Arenápolis;rp;2021;7.23
Arenápolis;rp;2022;6.13
Arenápolis;rp;2023;8.52
Arenápolis;rp;2024;9.36
Arenápolis;ro;2020;-0.34
Arenápolis;ro;2021;7.59
Arenápolis;ro;2022;-3.17
Arenápolis;ro;2023;8.81
Arenápolis;ro;2024;-4.79
Alto Araguaia;qsf;2020;2.12
Alto Araguaia;qsf;2021;2.39
Alto Araguaia;qsf;2022;2.64
Alto Araguaia;qsf;2023;4.19
Alto Araguaia;qsf;2024;0.65
Alto Araguaia;edu;2020;26.56
Alto Araguaia;edu;2021;23.52
Alto Araguaia;edu;2022;28.74
Alto Araguaia;edu;2023;27.91
Alto Araguaia;sau;2020;26.25
Alto Araguaia;sau;2021;25.41
Alto Araguaia;sau;2022;29.09
Alto Araguaia;sau;2023;23.5
Alto Araguaia;pes;2020;50.14
Alto Araguaia;pes;2021;43.83
Alto Araguaia;pes;2022;45.85
Alto Araguaia;pes;2023;43.15
Alto Araguaia;leg;2020;6.68
Alto Araguaia;leg;2021;6.45
Alto Araguaia;leg;2022;5.81
Alto Araguaia;leg;2023;7.03
Alto Araguaia;a167;2021;81.96
Alto Araguaia;a167;2022;99.39
Alto Araguaia;a167;2023;96.55
Alto Araguaia;a167;2024;88.95
Alto Araguaia;mag;2020;62.26
Alto Araguaia;mag;2021;70.39
Alto Araguaia;mag;2022;102.29
Alto Araguaia;mag;2023;97.95
Alto Araguaia;rtp;2020;574
Alto Araguaia;rtp;2021;782
Alto Araguaia;rtp;2022;889
Alto Araguaia;rtp;2023;1118
Alto Araguaia;rtp;2024;1156
Alto Araguaia;rtp_grupo;2020;481
Alto Araguaia;rtp_grupo;2021;577
Alto Araguaia;rtp_grupo;2022;784
Alto Araguaia;rtp_grupo;2023;975
Alto Araguaia;rtp_grupo;2024;1028
Alto Araguaia;rp;2020;12.19
Alto Araguaia;rp;2021;14.19
Alto Araguaia;rp;2022;11.28
Alto Araguaia;rp;2023;12.89
Alto Araguaia;rp;2024;12.0
Alto Araguaia;ro;2020;4.64
Alto Araguaia;ro;2021;8.82
Alto Araguaia;ro;2022;0.17
Alto Araguaia;ro;2023;-5.44
Alto Araguaia;ro;2024;-10.14
